experiment,metric,Baseline,CBM,CEM,CEM-Tanh,CEM-Linear
cls_mnist,Task MSE,35.0762 +/- 2.8527,44.9764 +/- 3.9831,19.6734 +/- 1.1004,26.8424 +/- 8.5230,23.6102 +/- 0.0224
cls_mnist,Concept MSE,--,1.1526 +/- 0.0270,0.2594 +/- 0.0018,0.3368 +/- 0.0021,0.3258 +/- 0.0407
cls_mnist,Intervention MSE,--,128.0603 +/- 0.0492,9.8982 +/- 1.8931,23.3280 +/- 1.7263,22.3231 +/- 0.7544
cls_mnist,Test MAP,--,3.9514 +/- 0.1773,2.0335 +/- 0.1329,2.6691 +/- 0.4447,2.4471 +/- 0.1596
cls_pendulum,Task MSE,199.9278 +/- 0.1473,201.3351 +/- 0.7827,204.5012 +/- 1.5941,--,--
cls_pendulum,Concept MSE,--,0.0151 +/- 0.0000,0.0178 +/- 0.0002,--,--
cls_pendulum,Intervention MSE,--,0.4730 +/- 0.0251,8.0143 +/- 0.3445,--,--
cls_pendulum,Test MAP,--,1.6507 +/- 0.2011,2.0224 +/- 0.1342,--,--
gen_mnist,Concept MSE,--,1.0578 +/- 0.4784,0.0696 +/- 0.0039,--,--
gen_mnist,Recon Loss,374.8926 +/- 0.5091,662.7574 +/- 13.7800,430.5949 +/- 1.4884,--,--
gen_mnist,KL,50.1816 +/- 0.1376,9.7734 +/- 0.2356,47.2314 +/- 0.4478,--,--
gen_pendulum,Concept MSE,--,0.1542 +/- 0.0161,0.0274 +/- 0.0055,--,--
gen_pendulum,Recon Loss,330.1648 +/- 0.0000,0.4752 +/- 0.1009,165.2286 +/- 164.9362,--,--
gen_pendulum,KL,0.0000 +/- 0.0000,77.2662 +/- 9.0871,46.4575 +/- 36.0428,--,--
~                                                                                                                                    
~                                                                                                                                    
~                                                                                    
