epoch,recon_loss,kl,concept_mse
1,931.798590,19.659990,
2,720.423477,11.955802,
3,586.405890,31.616555,
4,505.526225,41.437253,
5,456.148881,47.619082,
6,424.480491,50.920272,
7,409.752952,52.280874,
8,398.660405,53.132833,
9,391.467091,53.421871,
10,386.467024,53.755495,
11,382.938016,53.790525,
12,380.120745,54.006772,
13,377.546220,53.992321,
14,375.331748,53.870376,
15,373.044103,53.936609,
16,371.686055,53.950900,
17,370.352190,53.963366,
18,368.842172,54.089718,
19,367.797052,54.141656,
20,366.594098,54.017134,
