,,Baseline,,CBM,,CEM,,CEM-Tanh,,CEM-Linear,
experiment,metric,mean,std,mean,std,mean,std,mean,std,mean,std
cls_mnist,Task MSE,61.179146,6.066918,57.741907,2.420833,31.184776,1.273767,41.307572,2.397540,41.592505,2.848026
cls_mnist,Concept MSE,,,2.762500,0.188907,0.343939,0.008358,0.401598,0.005946,0.406236,0.035850
cls_mnist,Intervention MSE,,,133.643603,0.807218,13.446187,2.582377,37.347241,0.356094,33.798015,3.622320
cls_mnist,Test MAP,4.973010,0.296545,4.991174,0.175426,3.169779,0.049989,3.877073,0.091905,3.793732,0.236847
cls_mnist [all_digits],Task MSE,71.632768,5.926680,68.122060,7.699077,46.716919,4.032855,63.804526,9.851492,56.321402,9.955850
cls_mnist [all_digits],Concept MSE,,,3.871023,3.340804,0.418435,0.027045,0.483877,0.051498,0.467017,0.033885
cls_mnist [all_digits],Intervention MSE,,,137.249729,4.629182,23.703158,4.126220,57.104510,18.476953,49.511139,11.178892
cls_mnist [all_digits],Test MAP,,,5.449335,0.319321,4.101142,0.199622,4.994549,0.628450,4.576578,0.435471
cls_mnist [digit9],Task MSE,0.925065,0.440095,2.302322,2.636453,0.018011,0.006434,0.085100,0.076914,0.045235,0.080548
cls_mnist [digit9],Concept MSE,,,4.152632,5.228541,0.012578,0.013623,0.767610,0.680156,0.744254,0.504578
cls_mnist [digit9],Intervention MSE,,,992.395073,0.661410,0.019155,0.007820,14.417760,14.769061,8.938340,9.567616
cls_mnist [digit9],Test MAP,,,0.942643,0.831155,0.129753,0.023560,0.231431,0.082765,0.127467,0.139280
cls_pendulum,Task MSE,203.709685,1.531179,210.224028,1.701923,206.514805,2.538465,,,,
cls_pendulum,Concept MSE,,,0.019876,0.000354,0.019345,0.001762,,,,
cls_pendulum,Intervention MSE,,,2.110297,0.248349,7.815072,1.986503,,,,
cls_pendulum,Test MAP,1.939948,0.215295,2.622996,0.048670,2.218185,0.204107,,,,
gen_mnist,Concept MSE,,,1.057778,0.478433,0.069616,0.003935,,,,
gen_mnist,Recon Loss,374.892593,0.509054,662.757414,13.780031,430.594936,1.488400,,,,
gen_mnist,KL,50.181580,0.137625,9.773388,0.235648,47.231422,0.447781,,,,
gen_pendulum,Concept MSE,,,0.154208,0.016139,0.027407,0.005451,,,,
gen_pendulum,Recon Loss,330.164784,0.000000,0.475185,0.100884,165.228629,164.936156,,,,
gen_pendulum,KL,0.000000,0.000000,77.266156,9.087105,46.457495,36.042775,,,,
