variant,bottleneck,concept_mode,seed,epoch,task_loss,concept_loss,train_acc,seconds
cbm_inc_subtlety-sphericity-margin-lobulation-spiculation-texture,cbm,continuous,41,1,0.692101,0.255765,0.517314,3.3
cbm_inc_subtlety-sphericity-margin-lobulation-spiculation-texture,cbm,continuous,41,2,0.676525,0.195304,0.626443,2.9
cbm_inc_subtlety-sphericity-margin-lobulation-spiculation-texture,cbm,continuous,41,3,0.665783,0.199116,0.598111,2.9
cbm_inc_subtlety-sphericity-margin-lobulation-spiculation-texture,cbm,continuous,41,4,0.662409,0.195287,0.591815,2.9
cbm_inc_subtlety-sphericity-margin-lobulation-spiculation-texture,cbm,continuous,41,5,0.668511,0.199635,0.592865,2.9
cbm_inc_subtlety-sphericity-margin-lobulation-spiculation-texture,cbm,continuous,41,6,0.666508,0.201511,0.579224,2.9
cbm_inc_subtlety-sphericity-margin-lobulation-spiculation-texture,cbm,continuous,41,7,0.664063,0.188264,0.590766,2.9
cbm_inc_subtlety-sphericity-margin-lobulation-spiculation-texture,cbm,continuous,41,8,0.646499,0.191299,0.609654,2.9
cbm_inc_subtlety-sphericity-margin-lobulation-spiculation-texture,cbm,continuous,41,9,0.670182,0.196854,0.570829,2.9
cbm_inc_subtlety-sphericity-margin-lobulation-spiculation-texture,cbm,continuous,41,10,0.666912,0.189476,0.560336,2.9
cbm_inc_subtlety-sphericity-margin-lobulation-spiculation-texture,cbm,continuous,41,11,0.641300,0.186473,0.605456,2.9
cbm_inc_subtlety-sphericity-margin-lobulation-spiculation-texture,cbm,continuous,41,12,0.626425,0.186012,0.628541,2.9
cbm_inc_subtlety-sphericity-margin-lobulation-spiculation-texture,cbm,continuous,41,13,0.663882,0.187094,0.582371,2.9
cbm_inc_subtlety-sphericity-margin-lobulation-spiculation-texture,cbm,continuous,41,14,0.640601,0.184855,0.575026,2.9
cbm_inc_subtlety-sphericity-margin-lobulation-spiculation-texture,cbm,continuous,41,15,0.643079,0.183809,0.609654,2.9
cbm_inc_subtlety-sphericity-margin-lobulation-spiculation-texture,cbm,continuous,41,16,0.627704,0.184167,0.616999,2.9
cbm_inc_subtlety-sphericity-margin-lobulation-spiculation-texture,cbm,continuous,41,17,0.622758,0.181841,0.626443,2.9
cbm_inc_subtlety-sphericity-margin-lobulation-spiculation-texture,cbm,continuous,41,18,0.645605,0.183950,0.587618,2.9
cbm_inc_subtlety-sphericity-margin-lobulation-spiculation-texture,cbm,continuous,41,19,0.645458,0.181767,0.586569,2.9
cbm_inc_subtlety-sphericity-margin-lobulation-spiculation-texture,cbm,continuous,41,20,0.635005,0.179783,0.596013,2.9
cbm_inc_subtlety-sphericity-margin-lobulation-spiculation-texture,cbm,continuous,41,21,0.626733,0.181234,0.608604,2.9
cbm_inc_subtlety-sphericity-margin-lobulation-spiculation-texture,cbm,continuous,41,22,0.590581,0.181049,0.646380,2.9
cbm_inc_subtlety-sphericity-margin-lobulation-spiculation-texture,cbm,continuous,41,23,0.647222,0.183202,0.583421,2.9
cbm_inc_subtlety-sphericity-margin-lobulation-spiculation-texture,cbm,continuous,41,24,0.645294,0.182302,0.590766,2.9
cbm_inc_subtlety-sphericity-margin-lobulation-spiculation-texture,cbm,continuous,41,25,0.600885,0.180168,0.650577,2.9
cbm_inc_subtlety-sphericity-margin-lobulation-spiculation-texture,cbm,continuous,41,26,0.622088,0.179944,0.620147,2.9
cbm_inc_subtlety-sphericity-margin-lobulation-spiculation-texture,cbm,continuous,41,27,0.611169,0.182213,0.621196,2.9
cbm_inc_subtlety-sphericity-margin-lobulation-spiculation-texture,cbm,continuous,41,28,0.635234,0.179325,0.592865,2.9
cbm_inc_subtlety-sphericity-margin-lobulation-spiculation-texture,cbm,continuous,41,29,0.626911,0.183598,0.618048,2.9
cbm_inc_subtlety-sphericity-margin-lobulation-spiculation-texture,cbm,continuous,41,30,0.622398,0.181809,0.615950,2.9
cbm_inc_subtlety-sphericity-margin-lobulation-spiculation-texture,cbm,continuous,41,31,0.607334,0.180844,0.600210,2.9
cbm_inc_subtlety-sphericity-margin-lobulation-spiculation-texture,cbm,continuous,41,32,0.598692,0.178723,0.649528,2.9
cbm_inc_subtlety-sphericity-margin-lobulation-spiculation-texture,cbm,continuous,41,33,0.622969,0.180093,0.601259,2.9
cbm_inc_subtlety-sphericity-margin-lobulation-spiculation-texture,cbm,continuous,41,34,0.625266,0.181426,0.611752,2.9
cbm_inc_subtlety-sphericity-margin-lobulation-spiculation-texture,cbm,continuous,41,35,0.618102,0.180862,0.591815,2.9
cbm_inc_subtlety-sphericity-margin-lobulation-spiculation-texture,cbm,continuous,41,36,0.603367,0.177370,0.634837,2.9
cbm_inc_subtlety-sphericity-margin-lobulation-spiculation-texture,cbm,continuous,41,37,0.638714,0.179345,0.596013,3.0
cbm_inc_subtlety-sphericity-margin-lobulation-spiculation-texture,cbm,continuous,41,38,0.585905,0.178422,0.626443,2.9
cbm_inc_subtlety-sphericity-margin-lobulation-spiculation-texture,cbm,continuous,41,39,0.605779,0.178180,0.618048,2.9
cbm_inc_subtlety-sphericity-margin-lobulation-spiculation-texture,cbm,continuous,41,40,0.640159,0.180117,0.607555,2.9
cbm_inc_subtlety-sphericity-margin-lobulation-spiculation-texture,cbm,continuous,41,41,0.638621,0.178743,0.599161,2.9
cbm_inc_subtlety-sphericity-margin-lobulation-spiculation-texture,cbm,continuous,41,42,0.607475,0.177608,0.637985,2.9
cbm_inc_subtlety-sphericity-margin-lobulation-spiculation-texture,cbm,continuous,41,43,0.594992,0.177369,0.637985,2.9
cbm_inc_subtlety-sphericity-margin-lobulation-spiculation-texture,cbm,continuous,41,44,0.632228,0.177687,0.600210,2.8
cbm_inc_subtlety-sphericity-margin-lobulation-spiculation-texture,cbm,continuous,41,45,0.630785,0.180572,0.620147,2.9
cbm_inc_subtlety-sphericity-margin-lobulation-spiculation-texture,cbm,continuous,41,46,0.618499,0.176198,0.627492,2.9
cbm_inc_subtlety-sphericity-margin-lobulation-spiculation-texture,cbm,continuous,41,47,0.636505,0.176464,0.628541,2.9
cbm_inc_subtlety-sphericity-margin-lobulation-spiculation-texture,cbm,continuous,41,48,0.620661,0.177747,0.639035,2.9
cbm_inc_subtlety-sphericity-margin-lobulation-spiculation-texture,cbm,continuous,41,49,0.593425,0.176155,0.654774,2.8
cbm_inc_subtlety-sphericity-margin-lobulation-spiculation-texture,cbm,continuous,41,50,0.617790,0.179344,0.622246,2.8
cbm_inc_subtlety-sphericity-margin-lobulation-spiculation-texture,cbm,continuous,41,51,0.621537,0.177162,0.626443,2.9
cbm_inc_subtlety-sphericity-margin-lobulation-spiculation-texture,cbm,continuous,41,52,0.632279,0.176981,0.619098,2.8
cbm_inc_subtlety-sphericity-margin-lobulation-spiculation-texture,cbm,continuous,41,53,0.622547,0.177781,0.653725,2.9
cbm_inc_subtlety-sphericity-margin-lobulation-spiculation-texture,cbm,continuous,41,54,0.588243,0.179323,0.665268,2.9
cbm_inc_subtlety-sphericity-margin-lobulation-spiculation-texture,cbm,continuous,41,55,0.594212,0.176805,0.664218,2.9
cbm_inc_subtlety-sphericity-margin-lobulation-spiculation-texture,cbm,continuous,41,56,0.621685,0.176544,0.613851,2.9
cbm_inc_subtlety-sphericity-margin-lobulation-spiculation-texture,cbm,continuous,41,57,0.600595,0.176086,0.657922,2.9
cbm_inc_subtlety-sphericity-margin-lobulation-spiculation-texture,cbm,continuous,41,58,0.578148,0.176253,0.674711,2.9
cbm_inc_subtlety-sphericity-margin-lobulation-spiculation-texture,cbm,continuous,41,59,0.581489,0.175083,0.681007,2.9
cbm_inc_subtlety-sphericity-margin-lobulation-spiculation-texture,cbm,continuous,41,60,0.594597,0.180686,0.671563,2.9
cbm_inc_subtlety-sphericity-margin-lobulation-spiculation-texture,cbm,continuous,41,61,0.599880,0.176310,0.651626,2.9
cbm_inc_subtlety-sphericity-margin-lobulation-spiculation-texture,cbm,continuous,41,62,0.619836,0.173232,0.648478,2.9
cbm_inc_subtlety-sphericity-margin-lobulation-spiculation-texture,cbm,continuous,41,63,0.596078,0.173787,0.664218,2.9
cbm_inc_subtlety-sphericity-margin-lobulation-spiculation-texture,cbm,continuous,41,64,0.575696,0.175664,0.684155,2.9
cbm_inc_subtlety-sphericity-margin-lobulation-spiculation-texture,cbm,continuous,41,65,0.570207,0.174833,0.690451,2.9
cbm_inc_subtlety-sphericity-margin-lobulation-spiculation-texture,cbm,continuous,41,66,0.600161,0.172306,0.656873,2.9
cbm_inc_subtlety-sphericity-margin-lobulation-spiculation-texture,cbm,continuous,41,67,0.580030,0.175758,0.683106,2.9
cbm_inc_subtlety-sphericity-margin-lobulation-spiculation-texture,cbm,continuous,41,68,0.584924,0.175766,0.695698,2.9
cbm_inc_subtlety-sphericity-margin-lobulation-spiculation-texture,cbm,continuous,41,69,0.567379,0.174884,0.681007,2.9
cbm_inc_subtlety-sphericity-margin-lobulation-spiculation-texture,cbm,continuous,41,70,0.573232,0.170905,0.692550,2.9
cbm_inc_subtlety-sphericity-margin-lobulation-spiculation-texture,cbm,continuous,41,71,0.599323,0.171419,0.678909,2.9
cbm_inc_subtlety-sphericity-margin-lobulation-spiculation-texture,cbm,continuous,41,72,0.599291,0.172828,0.678909,2.9
cbm_inc_subtlety-sphericity-margin-lobulation-spiculation-texture,cbm,continuous,41,73,0.578291,0.167693,0.667366,2.9
cbm_inc_subtlety-sphericity-margin-lobulation-spiculation-texture,cbm,continuous,41,74,0.582612,0.173552,0.699895,2.8
cbm_inc_subtlety-sphericity-margin-lobulation-spiculation-texture,cbm,continuous,41,75,0.568483,0.169378,0.706191,2.9
cbm_inc_subtlety-sphericity-margin-lobulation-spiculation-texture,cbm,continuous,41,76,0.557495,0.168330,0.721931,2.9
cbm_inc_subtlety-sphericity-margin-lobulation-spiculation-texture,cbm,continuous,41,77,0.543499,0.169341,0.717733,2.9
cbm_inc_subtlety-sphericity-margin-lobulation-spiculation-texture,cbm,continuous,41,78,0.534851,0.165068,0.737671,2.9
cbm_inc_subtlety-sphericity-margin-lobulation-spiculation-texture,cbm,continuous,41,79,0.526577,0.164502,0.746065,2.9
cbm_inc_subtlety-sphericity-margin-lobulation-spiculation-texture,cbm,continuous,41,80,0.533075,0.166045,0.729276,2.9
cbm_inc_subtlety-sphericity-margin-lobulation-spiculation-texture,cbm,continuous,41,81,0.546757,0.164825,0.714586,2.9
cbm_inc_subtlety-sphericity-margin-lobulation-spiculation-texture,cbm,continuous,41,82,0.550186,0.165884,0.714586,2.9
cbm_inc_subtlety-sphericity-margin-lobulation-spiculation-texture,cbm,continuous,41,83,0.527726,0.164668,0.729276,2.9
cbm_inc_subtlety-sphericity-margin-lobulation-spiculation-texture,cbm,continuous,41,84,0.543514,0.160366,0.722980,2.9
cbm_inc_subtlety-sphericity-margin-lobulation-spiculation-texture,cbm,continuous,41,85,0.498906,0.161913,0.767051,2.9
cbm_inc_subtlety-sphericity-margin-lobulation-spiculation-texture,cbm,continuous,41,86,0.500635,0.160942,0.761805,2.9
cbm_inc_subtlety-sphericity-margin-lobulation-spiculation-texture,cbm,continuous,41,87,0.519554,0.162949,0.750262,2.9
cbm_inc_subtlety-sphericity-margin-lobulation-spiculation-texture,cbm,continuous,41,88,0.517803,0.166192,0.729276,2.9
cbm_inc_subtlety-sphericity-margin-lobulation-spiculation-texture,cbm,continuous,41,89,0.508923,0.161031,0.755509,2.9
cbm_inc_subtlety-sphericity-margin-lobulation-spiculation-texture,cbm,continuous,41,90,0.501847,0.157162,0.755509,2.9
cbm_inc_subtlety-sphericity-margin-lobulation-spiculation-texture,cbm,continuous,41,91,0.501596,0.161983,0.750262,2.9
cbm_inc_subtlety-sphericity-margin-lobulation-spiculation-texture,cbm,continuous,41,92,0.524019,0.162455,0.739769,2.9
cbm_inc_subtlety-sphericity-margin-lobulation-spiculation-texture,cbm,continuous,41,93,0.532198,0.159504,0.740818,2.9
cbm_inc_subtlety-sphericity-margin-lobulation-spiculation-texture,cbm,continuous,41,94,0.514496,0.158630,0.763903,2.9
cbm_inc_subtlety-sphericity-margin-lobulation-spiculation-texture,cbm,continuous,41,95,0.505000,0.159051,0.760756,2.9
cbm_inc_subtlety-sphericity-margin-lobulation-spiculation-texture,cbm,continuous,41,96,0.493041,0.158567,0.762854,2.9
cbm_inc_subtlety-sphericity-margin-lobulation-spiculation-texture,cbm,continuous,41,97,0.485393,0.157677,0.781742,2.9
cbm_inc_subtlety-sphericity-margin-lobulation-spiculation-texture,cbm,continuous,41,98,0.495844,0.158056,0.768101,2.9
cbm_inc_subtlety-sphericity-margin-lobulation-spiculation-texture,cbm,continuous,41,99,0.480818,0.160926,0.777545,2.9
cbm_inc_subtlety-sphericity-margin-lobulation-spiculation-texture,cbm,continuous,41,100,0.483942,0.160344,0.777545,2.9
cbm_inc_subtlety-sphericity-margin-lobulation-spiculation-texture,cbm,continuous,41,101,0.486918,0.160788,0.779643,2.9
cbm_inc_subtlety-sphericity-margin-lobulation-spiculation-texture,cbm,continuous,41,102,0.500163,0.155660,0.770199,2.9
cbm_inc_subtlety-sphericity-margin-lobulation-spiculation-texture,cbm,continuous,41,103,0.497466,0.156910,0.776495,2.9
cbm_inc_subtlety-sphericity-margin-lobulation-spiculation-texture,cbm,continuous,41,104,0.493478,0.160808,0.774397,2.9
cbm_inc_subtlety-sphericity-margin-lobulation-spiculation-texture,cbm,continuous,41,105,0.464937,0.156802,0.793284,2.9
cbm_inc_subtlety-sphericity-margin-lobulation-spiculation-texture,cbm,continuous,41,106,0.475558,0.155642,0.788038,2.9
cbm_inc_subtlety-sphericity-margin-lobulation-spiculation-texture,cbm,continuous,41,107,0.465980,0.153760,0.795383,2.9
cbm_inc_subtlety-sphericity-margin-lobulation-spiculation-texture,cbm,continuous,41,108,0.462765,0.155508,0.786988,2.9
cbm_inc_subtlety-sphericity-margin-lobulation-spiculation-texture,cbm,continuous,41,109,0.446891,0.156829,0.806925,2.9
cbm_inc_subtlety-sphericity-margin-lobulation-spiculation-texture,cbm,continuous,41,110,0.474058,0.156504,0.790136,2.9
cbm_inc_subtlety-sphericity-margin-lobulation-spiculation-texture,cbm,continuous,41,111,0.448356,0.155825,0.802728,2.9
cbm_inc_subtlety-sphericity-margin-lobulation-spiculation-texture,cbm,continuous,41,112,0.458449,0.156492,0.790136,2.9
cbm_inc_subtlety-sphericity-margin-lobulation-spiculation-texture,cbm,continuous,41,113,0.474172,0.155592,0.778594,2.9
cbm_inc_subtlety-sphericity-margin-lobulation-spiculation-texture,cbm,continuous,41,114,0.461657,0.157782,0.793284,2.9
cbm_inc_subtlety-sphericity-margin-lobulation-spiculation-texture,cbm,continuous,41,115,0.468008,0.154696,0.789087,2.9
cbm_inc_subtlety-sphericity-margin-lobulation-spiculation-texture,cbm,continuous,41,116,0.434567,0.154898,0.811123,2.9
cbm_inc_subtlety-sphericity-margin-lobulation-spiculation-texture,cbm,continuous,41,117,0.452354,0.155763,0.800630,2.9
cbm_inc_subtlety-sphericity-margin-lobulation-spiculation-texture,cbm,continuous,41,118,0.462977,0.156372,0.791186,2.9
cbm_inc_subtlety-sphericity-margin-lobulation-spiculation-texture,cbm,continuous,41,119,0.439656,0.152457,0.816369,2.9
cbm_inc_subtlety-sphericity-margin-lobulation-spiculation-texture,cbm,continuous,41,120,0.458617,0.156679,0.782791,2.9
cbm_inc_subtlety-sphericity-margin-lobulation-spiculation-texture,cbm,continuous,41,121,0.441755,0.156066,0.809024,2.9
cbm_inc_subtlety-sphericity-margin-lobulation-spiculation-texture,cbm,continuous,41,122,0.459641,0.154568,0.796432,2.9
cbm_inc_subtlety-sphericity-margin-lobulation-spiculation-texture,cbm,continuous,41,123,0.446313,0.154847,0.803778,2.9
cbm_inc_subtlety-sphericity-margin-lobulation-spiculation-texture,cbm,continuous,41,124,0.445099,0.154598,0.809024,2.9
cbm_inc_subtlety-sphericity-margin-lobulation-spiculation-texture,cbm,continuous,41,125,0.431384,0.153123,0.817419,2.9
cbm_inc_subtlety-sphericity-margin-lobulation-spiculation-texture,cbm,continuous,41,126,0.455559,0.153918,0.790136,2.9
cbm_inc_subtlety-sphericity-margin-lobulation-spiculation-texture,cbm,continuous,41,127,0.451882,0.154336,0.802728,2.8
cbm_inc_subtlety-sphericity-margin-lobulation-spiculation-texture,cbm,continuous,41,128,0.459419,0.152254,0.798531,2.9
cbm_inc_subtlety-sphericity-margin-lobulation-spiculation-texture,cbm,continuous,41,129,0.452970,0.154437,0.796432,2.9
cbm_inc_subtlety-sphericity-margin-lobulation-spiculation-texture,cbm,continuous,41,130,0.438864,0.153051,0.811123,2.9
cbm_inc_subtlety-sphericity-margin-lobulation-spiculation-texture,cbm,continuous,41,131,0.420701,0.152630,0.824764,2.9
cbm_inc_subtlety-sphericity-margin-lobulation-spiculation-texture,cbm,continuous,41,132,0.432779,0.152136,0.821616,2.9
cbm_inc_subtlety-sphericity-margin-lobulation-spiculation-texture,cbm,continuous,41,133,0.403158,0.153225,0.847849,2.9
cbm_inc_subtlety-sphericity-margin-lobulation-spiculation-texture,cbm,continuous,41,134,0.438938,0.154045,0.801679,2.9
cbm_inc_subtlety-sphericity-margin-lobulation-spiculation-texture,cbm,continuous,41,135,0.427078,0.153462,0.813221,2.9
cbm_inc_subtlety-sphericity-margin-lobulation-spiculation-texture,cbm,continuous,41,136,0.442536,0.151425,0.810073,2.9
cbm_inc_subtlety-sphericity-margin-lobulation-spiculation-texture,cbm,continuous,41,137,0.424305,0.151555,0.821616,2.9
cbm_inc_subtlety-sphericity-margin-lobulation-spiculation-texture,cbm,continuous,41,138,0.431264,0.151848,0.813221,2.9
cbm_inc_subtlety-sphericity-margin-lobulation-spiculation-texture,cbm,continuous,41,139,0.432939,0.154030,0.799580,2.9
cbm_inc_subtlety-sphericity-margin-lobulation-spiculation-texture,cbm,continuous,41,140,0.421113,0.151980,0.827912,2.9
cbm_inc_subtlety-sphericity-margin-lobulation-spiculation-texture,cbm,continuous,41,141,0.401689,0.152833,0.826863,2.9
cbm_inc_subtlety-sphericity-margin-lobulation-spiculation-texture,cbm,continuous,41,142,0.435765,0.152738,0.800630,2.9
cbm_inc_subtlety-sphericity-margin-lobulation-spiculation-texture,cbm,continuous,41,143,0.441947,0.154061,0.806925,2.9
cbm_inc_subtlety-sphericity-margin-lobulation-spiculation-texture,cbm,continuous,41,144,0.429497,0.154195,0.819517,2.9
cbm_inc_subtlety-sphericity-margin-lobulation-spiculation-texture,cbm,continuous,41,145,0.425131,0.151245,0.823715,2.9
cbm_inc_subtlety-sphericity-margin-lobulation-spiculation-texture,cbm,continuous,41,146,0.435394,0.151615,0.810073,2.9
cbm_inc_subtlety-sphericity-margin-lobulation-spiculation-texture,cbm,continuous,41,147,0.424107,0.151001,0.813221,2.9
cbm_inc_subtlety-sphericity-margin-lobulation-spiculation-texture,cbm,continuous,41,148,0.420262,0.154128,0.821616,2.9
cbm_inc_subtlety-sphericity-margin-lobulation-spiculation-texture,cbm,continuous,41,149,0.431936,0.152550,0.812172,2.8
cbm_inc_subtlety-sphericity-margin-lobulation-spiculation-texture,cbm,continuous,41,150,0.421030,0.152617,0.823715,2.9
cbm_inc_subtlety-sphericity-margin-lobulation-spiculation-texture,cbm,continuous,41,151,0.426854,0.152519,0.827912,2.8
cbm_inc_subtlety-sphericity-margin-lobulation-spiculation-texture,cbm,continuous,41,152,0.411087,0.151268,0.837356,2.8
cbm_inc_subtlety-sphericity-margin-lobulation-spiculation-texture,cbm,continuous,41,153,0.412830,0.152357,0.815320,2.8
cbm_inc_subtlety-sphericity-margin-lobulation-spiculation-texture,cbm,continuous,41,154,0.414688,0.150954,0.821616,2.9
cbm_inc_subtlety-sphericity-margin-lobulation-spiculation-texture,cbm,continuous,41,155,0.410842,0.152108,0.824764,2.9
cbm_inc_subtlety-sphericity-margin-lobulation-spiculation-texture,cbm,continuous,41,156,0.434666,0.152597,0.811123,2.9
cbm_inc_subtlety-sphericity-margin-lobulation-spiculation-texture,cbm,continuous,41,157,0.408188,0.150930,0.821616,2.9
cbm_inc_subtlety-sphericity-margin-lobulation-spiculation-texture,cbm,continuous,41,158,0.404542,0.153036,0.832109,2.9
cbm_inc_subtlety-sphericity-margin-lobulation-spiculation-texture,cbm,continuous,41,159,0.411832,0.150116,0.827912,2.9
cbm_inc_subtlety-sphericity-margin-lobulation-spiculation-texture,cbm,continuous,41,160,0.418069,0.151558,0.825813,2.9
cbm_inc_subtlety-sphericity-margin-lobulation-spiculation-texture,cbm,continuous,41,161,0.415321,0.151579,0.820567,2.9
cbm_inc_subtlety-sphericity-margin-lobulation-spiculation-texture,cbm,continuous,41,162,0.416172,0.151910,0.821616,2.9
cbm_inc_subtlety-sphericity-margin-lobulation-spiculation-texture,cbm,continuous,41,163,0.415503,0.151319,0.835257,2.9
cbm_inc_subtlety-sphericity-margin-lobulation-spiculation-texture,cbm,continuous,41,164,0.420397,0.151857,0.821616,2.8
cbm_inc_subtlety-sphericity-margin-lobulation-spiculation-texture,cbm,continuous,41,165,0.407535,0.151787,0.820567,2.8
cbm_inc_subtlety-sphericity-margin-lobulation-spiculation-texture,cbm,continuous,41,166,0.401077,0.153020,0.826863,2.9
cbm_inc_subtlety-sphericity-margin-lobulation-spiculation-texture,cbm,continuous,41,167,0.419030,0.150835,0.819517,2.9
cbm_inc_subtlety-sphericity-margin-lobulation-spiculation-texture,cbm,continuous,41,168,0.409616,0.150423,0.827912,2.9
cbm_inc_subtlety-sphericity-margin-lobulation-spiculation-texture,cbm,continuous,41,169,0.389354,0.150972,0.828961,2.9
cbm_inc_subtlety-sphericity-margin-lobulation-spiculation-texture,cbm,continuous,41,170,0.395225,0.149867,0.826863,2.9
cbm_inc_subtlety-sphericity-margin-lobulation-spiculation-texture,cbm,continuous,41,171,0.438528,0.151127,0.807975,2.9
cbm_inc_subtlety-sphericity-margin-lobulation-spiculation-texture,cbm,continuous,41,172,0.398815,0.149821,0.840504,2.9
cbm_inc_subtlety-sphericity-margin-lobulation-spiculation-texture,cbm,continuous,41,173,0.415568,0.150915,0.841553,2.9
cbm_inc_subtlety-sphericity-margin-lobulation-spiculation-texture,cbm,continuous,41,174,0.412835,0.148878,0.821616,2.9
cbm_inc_subtlety-sphericity-margin-lobulation-spiculation-texture,cbm,continuous,41,175,0.398716,0.149479,0.827912,2.9
cbm_inc_subtlety-sphericity-margin-lobulation-spiculation-texture,cbm,continuous,41,176,0.405470,0.152335,0.827912,2.9
cbm_inc_subtlety-sphericity-margin-lobulation-spiculation-texture,cbm,continuous,41,177,0.409046,0.149115,0.828961,2.9
cbm_inc_subtlety-sphericity-margin-lobulation-spiculation-texture,cbm,continuous,41,178,0.411723,0.149479,0.806925,2.8
cbm_inc_subtlety-sphericity-margin-lobulation-spiculation-texture,cbm,continuous,41,179,0.428599,0.149275,0.809024,2.9
cbm_inc_subtlety-sphericity-margin-lobulation-spiculation-texture,cbm,continuous,41,180,0.407629,0.149582,0.819517,2.8
cbm_inc_subtlety-sphericity-margin-lobulation-spiculation-texture,cbm,continuous,41,181,0.394445,0.148936,0.824764,2.9
cbm_inc_subtlety-sphericity-margin-lobulation-spiculation-texture,cbm,continuous,41,182,0.409850,0.149392,0.827912,2.9
cbm_inc_subtlety-sphericity-margin-lobulation-spiculation-texture,cbm,continuous,41,183,0.400865,0.149215,0.830010,2.9
cbm_inc_subtlety-sphericity-margin-lobulation-spiculation-texture,cbm,continuous,41,184,0.422969,0.149100,0.819517,2.9
cbm_inc_subtlety-sphericity-margin-lobulation-spiculation-texture,cbm,continuous,41,185,0.385186,0.149957,0.840504,2.9
cbm_inc_subtlety-sphericity-margin-lobulation-spiculation-texture,cbm,continuous,41,186,0.388456,0.147673,0.832109,2.9
cbm_inc_subtlety-sphericity-margin-lobulation-spiculation-texture,cbm,continuous,41,187,0.397053,0.146498,0.833158,2.9
cbm_inc_subtlety-sphericity-margin-lobulation-spiculation-texture,cbm,continuous,41,188,0.377695,0.146002,0.837356,2.9
cbm_inc_subtlety-sphericity-margin-lobulation-spiculation-texture,cbm,continuous,41,189,0.414638,0.147893,0.819517,2.9
cbm_inc_subtlety-sphericity-margin-lobulation-spiculation-texture,cbm,continuous,41,190,0.410397,0.148016,0.821616,2.9
cbm_inc_subtlety-sphericity-margin-lobulation-spiculation-texture,cbm,continuous,41,191,0.415303,0.147089,0.817419,2.9
cbm_inc_subtlety-sphericity-margin-lobulation-spiculation-texture,cbm,continuous,41,192,0.379167,0.145632,0.831060,2.9
cbm_inc_subtlety-sphericity-margin-lobulation-spiculation-texture,cbm,continuous,41,193,0.383560,0.148963,0.834208,2.8
cbm_inc_subtlety-sphericity-margin-lobulation-spiculation-texture,cbm,continuous,41,194,0.420660,0.149559,0.819517,2.9
cbm_inc_subtlety-sphericity-margin-lobulation-spiculation-texture,cbm,continuous,41,195,0.407305,0.150913,0.825813,2.9
cbm_inc_subtlety-sphericity-margin-lobulation-spiculation-texture,cbm,continuous,41,196,0.402168,0.148487,0.835257,2.8
cbm_inc_subtlety-sphericity-margin-lobulation-spiculation-texture,cbm,continuous,41,197,0.374004,0.148179,0.830010,2.9
cbm_inc_subtlety-sphericity-margin-lobulation-spiculation-texture,cbm,continuous,41,198,0.379230,0.145011,0.850997,2.9
cbm_inc_subtlety-sphericity-margin-lobulation-spiculation-texture,cbm,continuous,41,199,0.394861,0.148540,0.827912,2.9
cbm_inc_subtlety-sphericity-margin-lobulation-spiculation-texture,cbm,continuous,41,200,0.392720,0.150757,0.839454,2.9
cbm_inc_subtlety-sphericity-margin-lobulation-spiculation-texture,cbm,continuous,41,201,0.424440,0.148464,0.827912,2.9
cbm_inc_subtlety-sphericity-margin-lobulation-spiculation-texture,cbm,continuous,41,202,0.408869,0.149335,0.821616,2.9
cbm_inc_subtlety-sphericity-margin-lobulation-spiculation-texture,cbm,continuous,41,203,0.400477,0.147434,0.824764,2.9
cbm_inc_subtlety-sphericity-margin-lobulation-spiculation-texture,cbm,continuous,41,204,0.384842,0.146782,0.839454,2.9
cbm_inc_subtlety-sphericity-margin-lobulation-spiculation-texture,cbm,continuous,41,205,0.379750,0.148180,0.844701,2.9
cbm_inc_subtlety-sphericity-margin-lobulation-spiculation-texture,cbm,continuous,41,206,0.401379,0.145312,0.831060,2.9
cbm_inc_subtlety-sphericity-margin-lobulation-spiculation-texture,cbm,continuous,41,207,0.389545,0.145308,0.836306,2.9
cbm_inc_subtlety-sphericity-margin-lobulation-spiculation-texture,cbm,continuous,41,208,0.378129,0.145887,0.841553,2.9
cbm_inc_subtlety-sphericity-margin-lobulation-spiculation-texture,cbm,continuous,41,209,0.392497,0.147649,0.838405,2.9
cbm_inc_subtlety-sphericity-margin-lobulation-spiculation-texture,cbm,continuous,41,210,0.392159,0.143304,0.834208,2.9
cbm_inc_subtlety-sphericity-margin-lobulation-spiculation-texture,cbm,continuous,41,211,0.397304,0.146042,0.832109,2.9
cbm_inc_subtlety-sphericity-margin-lobulation-spiculation-texture,cbm,continuous,41,212,0.395643,0.146108,0.823715,2.9
cbm_inc_subtlety-sphericity-margin-lobulation-spiculation-texture,cbm,continuous,41,213,0.369755,0.144669,0.859391,2.9
cbm_inc_subtlety-sphericity-margin-lobulation-spiculation-texture,cbm,continuous,41,214,0.373843,0.146853,0.840504,2.9
cbm_inc_subtlety-sphericity-margin-lobulation-spiculation-texture,cbm,continuous,41,215,0.374947,0.146244,0.839454,2.9
cbm_inc_subtlety-sphericity-margin-lobulation-spiculation-texture,cbm,continuous,41,216,0.399721,0.146601,0.839454,2.9
cbm_inc_subtlety-sphericity-margin-lobulation-spiculation-texture,cbm,continuous,41,217,0.374596,0.145005,0.837356,2.9
cbm_inc_subtlety-sphericity-margin-lobulation-spiculation-texture,cbm,continuous,41,218,0.395118,0.147201,0.824764,2.9
cbm_inc_subtlety-sphericity-margin-lobulation-spiculation-texture,cbm,continuous,41,219,0.387467,0.146416,0.831060,2.9
cbm_inc_subtlety-sphericity-margin-lobulation-spiculation-texture,cbm,continuous,41,220,0.370723,0.147759,0.831060,2.9
cbm_inc_subtlety-sphericity-margin-lobulation-spiculation-texture,cbm,continuous,41,221,0.373067,0.144393,0.840504,2.9
cbm_inc_subtlety-sphericity-margin-lobulation-spiculation-texture,cbm,continuous,41,222,0.394867,0.142896,0.845750,2.9
cbm_inc_subtlety-sphericity-margin-lobulation-spiculation-texture,cbm,continuous,41,223,0.389090,0.147144,0.830010,2.9
cbm_inc_subtlety-sphericity-margin-lobulation-spiculation-texture,cbm,continuous,41,224,0.388702,0.146195,0.845750,2.9
cbm_inc_subtlety-sphericity-margin-lobulation-spiculation-texture,cbm,continuous,41,225,0.390494,0.144101,0.835257,2.9
cbm_inc_subtlety-sphericity-margin-lobulation-spiculation-texture,cbm,continuous,41,226,0.400945,0.144035,0.830010,2.9
cbm_inc_subtlety-sphericity-margin-lobulation-spiculation-texture,cbm,continuous,41,227,0.377075,0.141929,0.837356,2.9
cbm_inc_subtlety-sphericity-margin-lobulation-spiculation-texture,cbm,continuous,41,228,0.389389,0.144023,0.837356,2.9
cbm_inc_subtlety-sphericity-margin-lobulation-spiculation-texture,cbm,continuous,41,229,0.396225,0.143414,0.831060,2.9
cbm_inc_subtlety-sphericity-margin-lobulation-spiculation-texture,cbm,continuous,41,230,0.358486,0.141294,0.848898,2.9
cbm_inc_subtlety-sphericity-margin-lobulation-spiculation-texture,cbm,continuous,41,231,0.387130,0.144249,0.837356,2.9
cbm_inc_subtlety-sphericity-margin-lobulation-spiculation-texture,cbm,continuous,41,232,0.386670,0.142092,0.830010,2.9
cbm_inc_subtlety-sphericity-margin-lobulation-spiculation-texture,cbm,continuous,41,233,0.371057,0.143985,0.835257,2.9
cbm_inc_subtlety-sphericity-margin-lobulation-spiculation-texture,cbm,continuous,41,234,0.384490,0.143879,0.834208,2.9
cbm_inc_subtlety-sphericity-margin-lobulation-spiculation-texture,cbm,continuous,41,235,0.382013,0.144180,0.844701,2.9
cbm_inc_subtlety-sphericity-margin-lobulation-spiculation-texture,cbm,continuous,41,236,0.380821,0.141379,0.840504,2.9
cbm_inc_subtlety-sphericity-margin-lobulation-spiculation-texture,cbm,continuous,41,237,0.375438,0.142490,0.839454,2.9
cbm_inc_subtlety-sphericity-margin-lobulation-spiculation-texture,cbm,continuous,41,238,0.396857,0.146407,0.833158,2.9
cbm_inc_subtlety-sphericity-margin-lobulation-spiculation-texture,cbm,continuous,41,239,0.372834,0.142443,0.846800,2.9
cbm_inc_subtlety-sphericity-margin-lobulation-spiculation-texture,cbm,continuous,41,240,0.384968,0.143817,0.845750,2.9
cbm_inc_subtlety-sphericity-margin-lobulation-spiculation-texture,cbm,continuous,41,241,0.386506,0.141591,0.831060,2.9
cbm_inc_subtlety-sphericity-margin-lobulation-spiculation-texture,cbm,continuous,41,242,0.388629,0.146351,0.825813,2.9
cbm_inc_subtlety-sphericity-margin-lobulation-spiculation-texture,cbm,continuous,41,243,0.388216,0.141194,0.832109,2.9
cbm_inc_subtlety-sphericity-margin-lobulation-spiculation-texture,cbm,continuous,41,244,0.383598,0.142833,0.833158,2.9
cbm_inc_subtlety-sphericity-margin-lobulation-spiculation-texture,cbm,continuous,41,245,0.372033,0.140973,0.849948,2.9
cbm_inc_subtlety-sphericity-margin-lobulation-spiculation-texture,cbm,continuous,41,246,0.372427,0.143692,0.840504,2.9
cbm_inc_subtlety-sphericity-margin-lobulation-spiculation-texture,cbm,continuous,41,247,0.371762,0.142321,0.836306,2.9
cbm_inc_subtlety-sphericity-margin-lobulation-spiculation-texture,cbm,continuous,41,248,0.368775,0.142408,0.845750,2.9
cbm_inc_subtlety-sphericity-margin-lobulation-spiculation-texture,cbm,continuous,41,249,0.371517,0.143126,0.838405,2.9
cbm_inc_subtlety-sphericity-margin-lobulation-spiculation-texture,cbm,continuous,41,250,0.365702,0.141537,0.849948,2.9
cbm_inc_subtlety-sphericity-margin-lobulation-spiculation-texture,cbm,continuous,42,1,0.688405,0.251878,0.507447,2.8
cbm_inc_subtlety-sphericity-margin-lobulation-spiculation-texture,cbm,continuous,42,2,0.684843,0.203301,0.600000,2.9
cbm_inc_subtlety-sphericity-margin-lobulation-spiculation-texture,cbm,continuous,42,3,0.667173,0.204481,0.584043,2.8
cbm_inc_subtlety-sphericity-margin-lobulation-spiculation-texture,cbm,continuous,42,4,0.665409,0.205846,0.577660,2.9
cbm_inc_subtlety-sphericity-margin-lobulation-spiculation-texture,cbm,continuous,42,5,0.664741,0.196094,0.587234,2.8
cbm_inc_subtlety-sphericity-margin-lobulation-spiculation-texture,cbm,continuous,42,6,0.657880,0.193858,0.591489,2.8
cbm_inc_subtlety-sphericity-margin-lobulation-spiculation-texture,cbm,continuous,42,7,0.678327,0.192473,0.541489,2.8
cbm_inc_subtlety-sphericity-margin-lobulation-spiculation-texture,cbm,continuous,42,8,0.646173,0.192564,0.629787,2.8
cbm_inc_subtlety-sphericity-margin-lobulation-spiculation-texture,cbm,continuous,42,9,0.639944,0.193831,0.592553,2.9
cbm_inc_subtlety-sphericity-margin-lobulation-spiculation-texture,cbm,continuous,42,10,0.656554,0.190764,0.600000,2.9
cbm_inc_subtlety-sphericity-margin-lobulation-spiculation-texture,cbm,continuous,42,11,0.634607,0.192860,0.622340,2.8
cbm_inc_subtlety-sphericity-margin-lobulation-spiculation-texture,cbm,continuous,42,12,0.648311,0.190167,0.595745,2.8
cbm_inc_subtlety-sphericity-margin-lobulation-spiculation-texture,cbm,continuous,42,13,0.669548,0.190421,0.552128,2.8
cbm_inc_subtlety-sphericity-margin-lobulation-spiculation-texture,cbm,continuous,42,14,0.664341,0.188308,0.548936,2.9
cbm_inc_subtlety-sphericity-margin-lobulation-spiculation-texture,cbm,continuous,42,15,0.657346,0.191000,0.609574,2.8
cbm_inc_subtlety-sphericity-margin-lobulation-spiculation-texture,cbm,continuous,42,16,0.682304,0.188540,0.553191,2.9
cbm_inc_subtlety-sphericity-margin-lobulation-spiculation-texture,cbm,continuous,42,17,0.639975,0.184766,0.609574,2.8
cbm_inc_subtlety-sphericity-margin-lobulation-spiculation-texture,cbm,continuous,42,18,0.610899,0.185739,0.648936,2.9
cbm_inc_subtlety-sphericity-margin-lobulation-spiculation-texture,cbm,continuous,42,19,0.639796,0.184421,0.581915,2.9
cbm_inc_subtlety-sphericity-margin-lobulation-spiculation-texture,cbm,continuous,42,20,0.634233,0.186852,0.611702,2.8
cbm_inc_subtlety-sphericity-margin-lobulation-spiculation-texture,cbm,continuous,42,21,0.635704,0.186369,0.619149,2.8
cbm_inc_subtlety-sphericity-margin-lobulation-spiculation-texture,cbm,continuous,42,22,0.649230,0.182530,0.584043,2.8
cbm_inc_subtlety-sphericity-margin-lobulation-spiculation-texture,cbm,continuous,42,23,0.651809,0.184326,0.567021,2.8
cbm_inc_subtlety-sphericity-margin-lobulation-spiculation-texture,cbm,continuous,42,24,0.627144,0.185781,0.611702,2.9
cbm_inc_subtlety-sphericity-margin-lobulation-spiculation-texture,cbm,continuous,42,25,0.649432,0.185824,0.582979,2.8
cbm_inc_subtlety-sphericity-margin-lobulation-spiculation-texture,cbm,continuous,42,26,0.659513,0.180903,0.559574,2.8
cbm_inc_subtlety-sphericity-margin-lobulation-spiculation-texture,cbm,continuous,42,27,0.642333,0.183686,0.596809,2.8
cbm_inc_subtlety-sphericity-margin-lobulation-spiculation-texture,cbm,continuous,42,28,0.628076,0.181854,0.594681,2.9
cbm_inc_subtlety-sphericity-margin-lobulation-spiculation-texture,cbm,continuous,42,29,0.651782,0.181474,0.587234,2.8
cbm_inc_subtlety-sphericity-margin-lobulation-spiculation-texture,cbm,continuous,42,30,0.633431,0.184068,0.597872,2.8
cbm_inc_subtlety-sphericity-margin-lobulation-spiculation-texture,cbm,continuous,42,31,0.643585,0.183834,0.588298,2.9
cbm_inc_subtlety-sphericity-margin-lobulation-spiculation-texture,cbm,continuous,42,32,0.628683,0.183889,0.629787,2.8
cbm_inc_subtlety-sphericity-margin-lobulation-spiculation-texture,cbm,continuous,42,33,0.616079,0.182525,0.622340,2.9
cbm_inc_subtlety-sphericity-margin-lobulation-spiculation-texture,cbm,continuous,42,34,0.608378,0.183705,0.623404,2.9
cbm_inc_subtlety-sphericity-margin-lobulation-spiculation-texture,cbm,continuous,42,35,0.640353,0.185266,0.602128,2.8
cbm_inc_subtlety-sphericity-margin-lobulation-spiculation-texture,cbm,continuous,42,36,0.636400,0.185123,0.592553,2.9
cbm_inc_subtlety-sphericity-margin-lobulation-spiculation-texture,cbm,continuous,42,37,0.606516,0.180520,0.640426,2.8
cbm_inc_subtlety-sphericity-margin-lobulation-spiculation-texture,cbm,continuous,42,38,0.638938,0.180984,0.597872,2.9
cbm_inc_subtlety-sphericity-margin-lobulation-spiculation-texture,cbm,continuous,42,39,0.639220,0.179996,0.608511,2.8
cbm_inc_subtlety-sphericity-margin-lobulation-spiculation-texture,cbm,continuous,42,40,0.636514,0.178735,0.582979,2.8
cbm_inc_subtlety-sphericity-margin-lobulation-spiculation-texture,cbm,continuous,42,41,0.606129,0.179227,0.634043,2.9
cbm_inc_subtlety-sphericity-margin-lobulation-spiculation-texture,cbm,continuous,42,42,0.615728,0.179380,0.629787,2.8
cbm_inc_subtlety-sphericity-margin-lobulation-spiculation-texture,cbm,continuous,42,43,0.655603,0.179935,0.564894,2.8
cbm_inc_subtlety-sphericity-margin-lobulation-spiculation-texture,cbm,continuous,42,44,0.603635,0.179612,0.617021,2.8
cbm_inc_subtlety-sphericity-margin-lobulation-spiculation-texture,cbm,continuous,42,45,0.624856,0.182117,0.621277,2.8
cbm_inc_subtlety-sphericity-margin-lobulation-spiculation-texture,cbm,continuous,42,46,0.621364,0.180215,0.632979,2.8
cbm_inc_subtlety-sphericity-margin-lobulation-spiculation-texture,cbm,continuous,42,47,0.619128,0.180067,0.624468,2.8
cbm_inc_subtlety-sphericity-margin-lobulation-spiculation-texture,cbm,continuous,42,48,0.600950,0.180967,0.643617,2.8
cbm_inc_subtlety-sphericity-margin-lobulation-spiculation-texture,cbm,continuous,42,49,0.632418,0.180770,0.580851,2.8
cbm_inc_subtlety-sphericity-margin-lobulation-spiculation-texture,cbm,continuous,42,50,0.608039,0.178720,0.642553,2.9
cbm_inc_subtlety-sphericity-margin-lobulation-spiculation-texture,cbm,continuous,42,51,0.613206,0.177283,0.615957,2.9
cbm_inc_subtlety-sphericity-margin-lobulation-spiculation-texture,cbm,continuous,42,52,0.579987,0.179618,0.685106,2.8
cbm_inc_subtlety-sphericity-margin-lobulation-spiculation-texture,cbm,continuous,42,53,0.658137,0.180358,0.597872,2.9
cbm_inc_subtlety-sphericity-margin-lobulation-spiculation-texture,cbm,continuous,42,54,0.631401,0.182098,0.631915,2.9
cbm_inc_subtlety-sphericity-margin-lobulation-spiculation-texture,cbm,continuous,42,55,0.646688,0.178432,0.590426,2.9
cbm_inc_subtlety-sphericity-margin-lobulation-spiculation-texture,cbm,continuous,42,56,0.634229,0.180563,0.592553,2.9
cbm_inc_subtlety-sphericity-margin-lobulation-spiculation-texture,cbm,continuous,42,57,0.612791,0.177916,0.647872,2.9
cbm_inc_subtlety-sphericity-margin-lobulation-spiculation-texture,cbm,continuous,42,58,0.584870,0.176662,0.658511,2.8
cbm_inc_subtlety-sphericity-margin-lobulation-spiculation-texture,cbm,continuous,42,59,0.617801,0.177424,0.631915,2.9
cbm_inc_subtlety-sphericity-margin-lobulation-spiculation-texture,cbm,continuous,42,60,0.589471,0.180217,0.662766,2.8
cbm_inc_subtlety-sphericity-margin-lobulation-spiculation-texture,cbm,continuous,42,61,0.622675,0.180551,0.621277,2.8
cbm_inc_subtlety-sphericity-margin-lobulation-spiculation-texture,cbm,continuous,42,62,0.639921,0.178227,0.637234,2.9
cbm_inc_subtlety-sphericity-margin-lobulation-spiculation-texture,cbm,continuous,42,63,0.595720,0.177995,0.648936,2.9
cbm_inc_subtlety-sphericity-margin-lobulation-spiculation-texture,cbm,continuous,42,64,0.641296,0.177001,0.605319,2.9
cbm_inc_subtlety-sphericity-margin-lobulation-spiculation-texture,cbm,continuous,42,65,0.618418,0.176419,0.638298,2.9
cbm_inc_subtlety-sphericity-margin-lobulation-spiculation-texture,cbm,continuous,42,66,0.613511,0.176271,0.641489,2.8
cbm_inc_subtlety-sphericity-margin-lobulation-spiculation-texture,cbm,continuous,42,67,0.606015,0.177301,0.643617,2.9
cbm_inc_subtlety-sphericity-margin-lobulation-spiculation-texture,cbm,continuous,42,68,0.593844,0.178868,0.642553,2.8
cbm_inc_subtlety-sphericity-margin-lobulation-spiculation-texture,cbm,continuous,42,69,0.634140,0.180012,0.593617,2.8
cbm_inc_subtlety-sphericity-margin-lobulation-spiculation-texture,cbm,continuous,42,70,0.592010,0.177217,0.660638,2.8
cbm_inc_subtlety-sphericity-margin-lobulation-spiculation-texture,cbm,continuous,42,71,0.604670,0.177056,0.653191,2.8
cbm_inc_subtlety-sphericity-margin-lobulation-spiculation-texture,cbm,continuous,42,72,0.599365,0.181274,0.661702,2.8
cbm_inc_subtlety-sphericity-margin-lobulation-spiculation-texture,cbm,continuous,42,73,0.610228,0.175496,0.637234,2.8
cbm_inc_subtlety-sphericity-margin-lobulation-spiculation-texture,cbm,continuous,42,74,0.596808,0.174881,0.669149,2.9
cbm_inc_subtlety-sphericity-margin-lobulation-spiculation-texture,cbm,continuous,42,75,0.592828,0.179693,0.658511,2.8
cbm_inc_subtlety-sphericity-margin-lobulation-spiculation-texture,cbm,continuous,42,76,0.604450,0.177957,0.671277,2.8
cbm_inc_subtlety-sphericity-margin-lobulation-spiculation-texture,cbm,continuous,42,77,0.591151,0.176760,0.668085,2.9
cbm_inc_subtlety-sphericity-margin-lobulation-spiculation-texture,cbm,continuous,42,78,0.608484,0.175044,0.635106,2.8
cbm_inc_subtlety-sphericity-margin-lobulation-spiculation-texture,cbm,continuous,42,79,0.604263,0.174677,0.652128,2.8
cbm_inc_subtlety-sphericity-margin-lobulation-spiculation-texture,cbm,continuous,42,80,0.558652,0.175582,0.670213,2.8
cbm_inc_subtlety-sphericity-margin-lobulation-spiculation-texture,cbm,continuous,42,81,0.594751,0.176301,0.658511,2.9
cbm_inc_subtlety-sphericity-margin-lobulation-spiculation-texture,cbm,continuous,42,82,0.601228,0.170503,0.682979,2.8
cbm_inc_subtlety-sphericity-margin-lobulation-spiculation-texture,cbm,continuous,42,83,0.607897,0.175154,0.663830,2.8
cbm_inc_subtlety-sphericity-margin-lobulation-spiculation-texture,cbm,continuous,42,84,0.590084,0.172633,0.673404,2.8
cbm_inc_subtlety-sphericity-margin-lobulation-spiculation-texture,cbm,continuous,42,85,0.583968,0.172264,0.693617,2.8
cbm_inc_subtlety-sphericity-margin-lobulation-spiculation-texture,cbm,continuous,42,86,0.615380,0.175182,0.660638,2.8
cbm_inc_subtlety-sphericity-margin-lobulation-spiculation-texture,cbm,continuous,42,87,0.575358,0.170831,0.682979,2.8
cbm_inc_subtlety-sphericity-margin-lobulation-spiculation-texture,cbm,continuous,42,88,0.589546,0.173127,0.682979,2.8
cbm_inc_subtlety-sphericity-margin-lobulation-spiculation-texture,cbm,continuous,42,89,0.574154,0.172497,0.706383,2.8
cbm_inc_subtlety-sphericity-margin-lobulation-spiculation-texture,cbm,continuous,42,90,0.601747,0.173387,0.675532,2.9
cbm_inc_subtlety-sphericity-margin-lobulation-spiculation-texture,cbm,continuous,42,91,0.572399,0.167713,0.707447,2.8
cbm_inc_subtlety-sphericity-margin-lobulation-spiculation-texture,cbm,continuous,42,92,0.578580,0.171943,0.703191,2.8
cbm_inc_subtlety-sphericity-margin-lobulation-spiculation-texture,cbm,continuous,42,93,0.579033,0.164645,0.695745,2.8
cbm_inc_subtlety-sphericity-margin-lobulation-spiculation-texture,cbm,continuous,42,94,0.573341,0.168217,0.708511,2.9
cbm_inc_subtlety-sphericity-margin-lobulation-spiculation-texture,cbm,continuous,42,95,0.531093,0.165808,0.727660,2.9
cbm_inc_subtlety-sphericity-margin-lobulation-spiculation-texture,cbm,continuous,42,96,0.554304,0.164729,0.729787,2.9
cbm_inc_subtlety-sphericity-margin-lobulation-spiculation-texture,cbm,continuous,42,97,0.560987,0.169677,0.698936,2.9
cbm_inc_subtlety-sphericity-margin-lobulation-spiculation-texture,cbm,continuous,42,98,0.548364,0.165745,0.746809,2.8
cbm_inc_subtlety-sphericity-margin-lobulation-spiculation-texture,cbm,continuous,42,99,0.576134,0.168026,0.702128,2.9
cbm_inc_subtlety-sphericity-margin-lobulation-spiculation-texture,cbm,continuous,42,100,0.539307,0.167360,0.739362,2.8
cbm_inc_subtlety-sphericity-margin-lobulation-spiculation-texture,cbm,continuous,42,101,0.549257,0.166256,0.720213,2.9
cbm_inc_subtlety-sphericity-margin-lobulation-spiculation-texture,cbm,continuous,42,102,0.535542,0.164025,0.738298,2.9
cbm_inc_subtlety-sphericity-margin-lobulation-spiculation-texture,cbm,continuous,42,103,0.508683,0.162968,0.753191,2.9
cbm_inc_subtlety-sphericity-margin-lobulation-spiculation-texture,cbm,continuous,42,104,0.500990,0.168166,0.747872,2.9
cbm_inc_subtlety-sphericity-margin-lobulation-spiculation-texture,cbm,continuous,42,105,0.500651,0.160137,0.765957,2.8
cbm_inc_subtlety-sphericity-margin-lobulation-spiculation-texture,cbm,continuous,42,106,0.522221,0.162613,0.751064,2.8
cbm_inc_subtlety-sphericity-margin-lobulation-spiculation-texture,cbm,continuous,42,107,0.509943,0.160829,0.763830,2.8
cbm_inc_subtlety-sphericity-margin-lobulation-spiculation-texture,cbm,continuous,42,108,0.526393,0.164045,0.746809,2.8
cbm_inc_subtlety-sphericity-margin-lobulation-spiculation-texture,cbm,continuous,42,109,0.532645,0.160049,0.729787,2.8
cbm_inc_subtlety-sphericity-margin-lobulation-spiculation-texture,cbm,continuous,42,110,0.504519,0.160550,0.753191,2.8
cbm_inc_subtlety-sphericity-margin-lobulation-spiculation-texture,cbm,continuous,42,111,0.509898,0.161354,0.755319,2.8
cbm_inc_subtlety-sphericity-margin-lobulation-spiculation-texture,cbm,continuous,42,112,0.498567,0.161226,0.771277,2.8
cbm_inc_subtlety-sphericity-margin-lobulation-spiculation-texture,cbm,continuous,42,113,0.496478,0.160684,0.767021,2.8
cbm_inc_subtlety-sphericity-margin-lobulation-spiculation-texture,cbm,continuous,42,114,0.486846,0.160958,0.780851,2.9
cbm_inc_subtlety-sphericity-margin-lobulation-spiculation-texture,cbm,continuous,42,115,0.486245,0.161125,0.763830,2.8
cbm_inc_subtlety-sphericity-margin-lobulation-spiculation-texture,cbm,continuous,42,116,0.504960,0.160061,0.770213,2.8
cbm_inc_subtlety-sphericity-margin-lobulation-spiculation-texture,cbm,continuous,42,117,0.464627,0.157970,0.796809,2.8
cbm_inc_subtlety-sphericity-margin-lobulation-spiculation-texture,cbm,continuous,42,118,0.488855,0.159140,0.765957,2.8
cbm_inc_subtlety-sphericity-margin-lobulation-spiculation-texture,cbm,continuous,42,119,0.484560,0.157003,0.791489,2.8
cbm_inc_subtlety-sphericity-margin-lobulation-spiculation-texture,cbm,continuous,42,120,0.483175,0.156238,0.777660,2.9
cbm_inc_subtlety-sphericity-margin-lobulation-spiculation-texture,cbm,continuous,42,121,0.480109,0.158316,0.798936,2.8
cbm_inc_subtlety-sphericity-margin-lobulation-spiculation-texture,cbm,continuous,42,122,0.482754,0.158654,0.787234,2.9
cbm_inc_subtlety-sphericity-margin-lobulation-spiculation-texture,cbm,continuous,42,123,0.467769,0.157046,0.792553,2.8
cbm_inc_subtlety-sphericity-margin-lobulation-spiculation-texture,cbm,continuous,42,124,0.456691,0.156241,0.792553,2.9
cbm_inc_subtlety-sphericity-margin-lobulation-spiculation-texture,cbm,continuous,42,125,0.461469,0.155789,0.795745,2.9
cbm_inc_subtlety-sphericity-margin-lobulation-spiculation-texture,cbm,continuous,42,126,0.471998,0.158036,0.789362,2.8
cbm_inc_subtlety-sphericity-margin-lobulation-spiculation-texture,cbm,continuous,42,127,0.444961,0.157836,0.803191,2.9
cbm_inc_subtlety-sphericity-margin-lobulation-spiculation-texture,cbm,continuous,42,128,0.479891,0.156826,0.790426,2.8
cbm_inc_subtlety-sphericity-margin-lobulation-spiculation-texture,cbm,continuous,42,129,0.477455,0.157144,0.777660,2.8
cbm_inc_subtlety-sphericity-margin-lobulation-spiculation-texture,cbm,continuous,42,130,0.453678,0.156476,0.790426,2.9
cbm_inc_subtlety-sphericity-margin-lobulation-spiculation-texture,cbm,continuous,42,131,0.442788,0.157751,0.821277,2.9
cbm_inc_subtlety-sphericity-margin-lobulation-spiculation-texture,cbm,continuous,42,132,0.445699,0.158547,0.792553,2.9
cbm_inc_subtlety-sphericity-margin-lobulation-spiculation-texture,cbm,continuous,42,133,0.475445,0.156172,0.776596,2.9
cbm_inc_subtlety-sphericity-margin-lobulation-spiculation-texture,cbm,continuous,42,134,0.461668,0.156439,0.797872,2.9
cbm_inc_subtlety-sphericity-margin-lobulation-spiculation-texture,cbm,continuous,42,135,0.456663,0.155351,0.800000,2.8
cbm_inc_subtlety-sphericity-margin-lobulation-spiculation-texture,cbm,continuous,42,136,0.467493,0.157104,0.787234,2.9
cbm_inc_subtlety-sphericity-margin-lobulation-spiculation-texture,cbm,continuous,42,137,0.444365,0.157541,0.810638,2.9
cbm_inc_subtlety-sphericity-margin-lobulation-spiculation-texture,cbm,continuous,42,138,0.440700,0.156957,0.795745,2.8
cbm_inc_subtlety-sphericity-margin-lobulation-spiculation-texture,cbm,continuous,42,139,0.463270,0.153546,0.803191,2.8
cbm_inc_subtlety-sphericity-margin-lobulation-spiculation-texture,cbm,continuous,42,140,0.455260,0.157628,0.791489,2.9
cbm_inc_subtlety-sphericity-margin-lobulation-spiculation-texture,cbm,continuous,42,141,0.459839,0.154006,0.795745,2.8
cbm_inc_subtlety-sphericity-margin-lobulation-spiculation-texture,cbm,continuous,42,142,0.451261,0.155550,0.789362,2.8
cbm_inc_subtlety-sphericity-margin-lobulation-spiculation-texture,cbm,continuous,42,143,0.444192,0.153015,0.808511,2.9
cbm_inc_subtlety-sphericity-margin-lobulation-spiculation-texture,cbm,continuous,42,144,0.447209,0.154397,0.804255,2.9
cbm_inc_subtlety-sphericity-margin-lobulation-spiculation-texture,cbm,continuous,42,145,0.415275,0.155073,0.814894,2.9
cbm_inc_subtlety-sphericity-margin-lobulation-spiculation-texture,cbm,continuous,42,146,0.451353,0.154406,0.796809,2.8
cbm_inc_subtlety-sphericity-margin-lobulation-spiculation-texture,cbm,continuous,42,147,0.445889,0.153046,0.804255,2.9
cbm_inc_subtlety-sphericity-margin-lobulation-spiculation-texture,cbm,continuous,42,148,0.438399,0.153201,0.803191,2.9
cbm_inc_subtlety-sphericity-margin-lobulation-spiculation-texture,cbm,continuous,42,149,0.423059,0.152588,0.809574,2.9
cbm_inc_subtlety-sphericity-margin-lobulation-spiculation-texture,cbm,continuous,42,150,0.441907,0.155254,0.802128,2.8
cbm_inc_subtlety-sphericity-margin-lobulation-spiculation-texture,cbm,continuous,42,151,0.439848,0.155763,0.811702,2.9
cbm_inc_subtlety-sphericity-margin-lobulation-spiculation-texture,cbm,continuous,42,152,0.427056,0.154025,0.815957,2.8
cbm_inc_subtlety-sphericity-margin-lobulation-spiculation-texture,cbm,continuous,42,153,0.446881,0.155224,0.808511,2.8
cbm_inc_subtlety-sphericity-margin-lobulation-spiculation-texture,cbm,continuous,42,154,0.430466,0.156305,0.823404,2.9
cbm_inc_subtlety-sphericity-margin-lobulation-spiculation-texture,cbm,continuous,42,155,0.434887,0.156703,0.800000,2.9
cbm_inc_subtlety-sphericity-margin-lobulation-spiculation-texture,cbm,continuous,42,156,0.431593,0.155995,0.812766,2.8
cbm_inc_subtlety-sphericity-margin-lobulation-spiculation-texture,cbm,continuous,42,157,0.414333,0.152454,0.811702,2.8
cbm_inc_subtlety-sphericity-margin-lobulation-spiculation-texture,cbm,continuous,42,158,0.464617,0.154693,0.805319,2.8
cbm_inc_subtlety-sphericity-margin-lobulation-spiculation-texture,cbm,continuous,42,159,0.441724,0.152758,0.810638,2.9
cbm_inc_subtlety-sphericity-margin-lobulation-spiculation-texture,cbm,continuous,42,160,0.428310,0.154886,0.823404,2.8
cbm_inc_subtlety-sphericity-margin-lobulation-spiculation-texture,cbm,continuous,42,161,0.440841,0.154174,0.797872,2.8
cbm_inc_subtlety-sphericity-margin-lobulation-spiculation-texture,cbm,continuous,42,162,0.426633,0.154439,0.803191,2.8
cbm_inc_subtlety-sphericity-margin-lobulation-spiculation-texture,cbm,continuous,42,163,0.411504,0.154544,0.835106,2.8
cbm_inc_subtlety-sphericity-margin-lobulation-spiculation-texture,cbm,continuous,42,164,0.425420,0.152237,0.808511,2.9
cbm_inc_subtlety-sphericity-margin-lobulation-spiculation-texture,cbm,continuous,42,165,0.435204,0.152011,0.811702,2.8
cbm_inc_subtlety-sphericity-margin-lobulation-spiculation-texture,cbm,continuous,42,166,0.437729,0.151931,0.806383,2.8
cbm_inc_subtlety-sphericity-margin-lobulation-spiculation-texture,cbm,continuous,42,167,0.433887,0.155029,0.805319,2.9
cbm_inc_subtlety-sphericity-margin-lobulation-spiculation-texture,cbm,continuous,42,168,0.413439,0.155785,0.830851,2.9
cbm_inc_subtlety-sphericity-margin-lobulation-spiculation-texture,cbm,continuous,42,169,0.433028,0.154173,0.827660,2.8
cbm_inc_subtlety-sphericity-margin-lobulation-spiculation-texture,cbm,continuous,42,170,0.402893,0.152661,0.827660,2.8
cbm_inc_subtlety-sphericity-margin-lobulation-spiculation-texture,cbm,continuous,42,171,0.412803,0.153740,0.827660,2.8
cbm_inc_subtlety-sphericity-margin-lobulation-spiculation-texture,cbm,continuous,42,172,0.428260,0.154579,0.822340,2.8
cbm_inc_subtlety-sphericity-margin-lobulation-spiculation-texture,cbm,continuous,42,173,0.437042,0.152909,0.814894,2.8
cbm_inc_subtlety-sphericity-margin-lobulation-spiculation-texture,cbm,continuous,42,174,0.418122,0.154831,0.818085,2.8
cbm_inc_subtlety-sphericity-margin-lobulation-spiculation-texture,cbm,continuous,42,175,0.408891,0.155671,0.824468,2.9
cbm_inc_subtlety-sphericity-margin-lobulation-spiculation-texture,cbm,continuous,42,176,0.427405,0.153243,0.815957,2.9
cbm_inc_subtlety-sphericity-margin-lobulation-spiculation-texture,cbm,continuous,42,177,0.424840,0.153919,0.812766,2.8
cbm_inc_subtlety-sphericity-margin-lobulation-spiculation-texture,cbm,continuous,42,178,0.427785,0.152958,0.810638,2.8
cbm_inc_subtlety-sphericity-margin-lobulation-spiculation-texture,cbm,continuous,42,179,0.445508,0.154371,0.811702,2.8
cbm_inc_subtlety-sphericity-margin-lobulation-spiculation-texture,cbm,continuous,42,180,0.411671,0.152884,0.811702,2.8
cbm_inc_subtlety-sphericity-margin-lobulation-spiculation-texture,cbm,continuous,42,181,0.406154,0.152054,0.832979,2.7
cbm_inc_subtlety-sphericity-margin-lobulation-spiculation-texture,cbm,continuous,42,182,0.445885,0.155847,0.805319,2.8
cbm_inc_subtlety-sphericity-margin-lobulation-spiculation-texture,cbm,continuous,42,183,0.405521,0.152996,0.827660,2.8
cbm_inc_subtlety-sphericity-margin-lobulation-spiculation-texture,cbm,continuous,42,184,0.415315,0.153666,0.818085,2.8
cbm_inc_subtlety-sphericity-margin-lobulation-spiculation-texture,cbm,continuous,42,185,0.415664,0.153270,0.814894,2.8
cbm_inc_subtlety-sphericity-margin-lobulation-spiculation-texture,cbm,continuous,42,186,0.410525,0.155126,0.827660,2.9
cbm_inc_subtlety-sphericity-margin-lobulation-spiculation-texture,cbm,continuous,42,187,0.415403,0.152478,0.828723,2.8
cbm_inc_subtlety-sphericity-margin-lobulation-spiculation-texture,cbm,continuous,42,188,0.414868,0.151969,0.811702,2.8
cbm_inc_subtlety-sphericity-margin-lobulation-spiculation-texture,cbm,continuous,42,189,0.433127,0.153074,0.821277,2.8
cbm_inc_subtlety-sphericity-margin-lobulation-spiculation-texture,cbm,continuous,42,190,0.398783,0.152539,0.830851,2.8
cbm_inc_subtlety-sphericity-margin-lobulation-spiculation-texture,cbm,continuous,42,191,0.421799,0.152208,0.821277,2.7
cbm_inc_subtlety-sphericity-margin-lobulation-spiculation-texture,cbm,continuous,42,192,0.417678,0.151502,0.820213,2.8
cbm_inc_subtlety-sphericity-margin-lobulation-spiculation-texture,cbm,continuous,42,193,0.423162,0.150996,0.823404,2.8
cbm_inc_subtlety-sphericity-margin-lobulation-spiculation-texture,cbm,continuous,42,194,0.409856,0.149460,0.838298,2.8
cbm_inc_subtlety-sphericity-margin-lobulation-spiculation-texture,cbm,continuous,42,195,0.422495,0.154630,0.815957,2.8
cbm_inc_subtlety-sphericity-margin-lobulation-spiculation-texture,cbm,continuous,42,196,0.403965,0.154170,0.820213,2.8
cbm_inc_subtlety-sphericity-margin-lobulation-spiculation-texture,cbm,continuous,42,197,0.408428,0.152428,0.820213,2.8
cbm_inc_subtlety-sphericity-margin-lobulation-spiculation-texture,cbm,continuous,42,198,0.400979,0.154471,0.821277,2.8
cbm_inc_subtlety-sphericity-margin-lobulation-spiculation-texture,cbm,continuous,42,199,0.392491,0.151847,0.832979,2.8
cbm_inc_subtlety-sphericity-margin-lobulation-spiculation-texture,cbm,continuous,42,200,0.411621,0.152044,0.820213,2.8
cbm_inc_subtlety-sphericity-margin-lobulation-spiculation-texture,cbm,continuous,42,201,0.407502,0.151607,0.838298,3.1
cbm_inc_subtlety-sphericity-margin-lobulation-spiculation-texture,cbm,continuous,42,202,0.391462,0.153285,0.835106,2.9
cbm_inc_subtlety-sphericity-margin-lobulation-spiculation-texture,cbm,continuous,42,203,0.427517,0.149985,0.837234,2.9
cbm_inc_subtlety-sphericity-margin-lobulation-spiculation-texture,cbm,continuous,42,204,0.403731,0.151031,0.824468,2.9
cbm_inc_subtlety-sphericity-margin-lobulation-spiculation-texture,cbm,continuous,42,205,0.399707,0.151043,0.827660,2.8
cbm_inc_subtlety-sphericity-margin-lobulation-spiculation-texture,cbm,continuous,42,206,0.399074,0.149194,0.823404,2.8
cbm_inc_subtlety-sphericity-margin-lobulation-spiculation-texture,cbm,continuous,42,207,0.398791,0.150833,0.824468,2.9
cbm_inc_subtlety-sphericity-margin-lobulation-spiculation-texture,cbm,continuous,42,208,0.427007,0.150782,0.814894,2.8
cbm_inc_subtlety-sphericity-margin-lobulation-spiculation-texture,cbm,continuous,42,209,0.404987,0.149387,0.827660,2.8
cbm_inc_subtlety-sphericity-margin-lobulation-spiculation-texture,cbm,continuous,42,210,0.408497,0.151158,0.819149,2.9
cbm_inc_subtlety-sphericity-margin-lobulation-spiculation-texture,cbm,continuous,42,211,0.408091,0.152653,0.825532,2.9
cbm_inc_subtlety-sphericity-margin-lobulation-spiculation-texture,cbm,continuous,42,212,0.425318,0.151213,0.817021,2.8
cbm_inc_subtlety-sphericity-margin-lobulation-spiculation-texture,cbm,continuous,42,213,0.391852,0.152337,0.829787,2.8
cbm_inc_subtlety-sphericity-margin-lobulation-spiculation-texture,cbm,continuous,42,214,0.397454,0.149285,0.827660,2.9
cbm_inc_subtlety-sphericity-margin-lobulation-spiculation-texture,cbm,continuous,42,215,0.406790,0.150862,0.817021,2.9
cbm_inc_subtlety-sphericity-margin-lobulation-spiculation-texture,cbm,continuous,42,216,0.402554,0.150340,0.821277,2.9
cbm_inc_subtlety-sphericity-margin-lobulation-spiculation-texture,cbm,continuous,42,217,0.410739,0.152328,0.822340,2.9
cbm_inc_subtlety-sphericity-margin-lobulation-spiculation-texture,cbm,continuous,42,218,0.402685,0.148892,0.831915,2.9
cbm_inc_subtlety-sphericity-margin-lobulation-spiculation-texture,cbm,continuous,42,219,0.405972,0.150054,0.818085,2.9
cbm_inc_subtlety-sphericity-margin-lobulation-spiculation-texture,cbm,continuous,42,220,0.433488,0.151605,0.803191,2.9
cbm_inc_subtlety-sphericity-margin-lobulation-spiculation-texture,cbm,continuous,42,221,0.406085,0.153348,0.829787,2.9
cbm_inc_subtlety-sphericity-margin-lobulation-spiculation-texture,cbm,continuous,42,222,0.400016,0.149832,0.824468,2.8
cbm_inc_subtlety-sphericity-margin-lobulation-spiculation-texture,cbm,continuous,42,223,0.384837,0.150391,0.839362,2.8
cbm_inc_subtlety-sphericity-margin-lobulation-spiculation-texture,cbm,continuous,42,224,0.409967,0.152300,0.827660,2.9
cbm_inc_subtlety-sphericity-margin-lobulation-spiculation-texture,cbm,continuous,42,225,0.386980,0.152942,0.838298,2.9
cbm_inc_subtlety-sphericity-margin-lobulation-spiculation-texture,cbm,continuous,42,226,0.399507,0.151774,0.829787,2.9
cbm_inc_subtlety-sphericity-margin-lobulation-spiculation-texture,cbm,continuous,42,227,0.372211,0.151659,0.829787,2.8
cbm_inc_subtlety-sphericity-margin-lobulation-spiculation-texture,cbm,continuous,42,228,0.391573,0.153997,0.827660,2.8
cbm_inc_subtlety-sphericity-margin-lobulation-spiculation-texture,cbm,continuous,42,229,0.381257,0.147094,0.837234,2.8
cbm_inc_subtlety-sphericity-margin-lobulation-spiculation-texture,cbm,continuous,42,230,0.399879,0.151096,0.822340,2.9
cbm_inc_subtlety-sphericity-margin-lobulation-spiculation-texture,cbm,continuous,42,231,0.394155,0.151095,0.843617,2.9
cbm_inc_subtlety-sphericity-margin-lobulation-spiculation-texture,cbm,continuous,42,232,0.391553,0.150643,0.836170,2.9
cbm_inc_subtlety-sphericity-margin-lobulation-spiculation-texture,cbm,continuous,42,233,0.387739,0.150477,0.843617,2.9
cbm_inc_subtlety-sphericity-margin-lobulation-spiculation-texture,cbm,continuous,42,234,0.394298,0.149724,0.835106,2.9
cbm_inc_subtlety-sphericity-margin-lobulation-spiculation-texture,cbm,continuous,42,235,0.383969,0.150893,0.832979,2.9
cbm_inc_subtlety-sphericity-margin-lobulation-spiculation-texture,cbm,continuous,42,236,0.399816,0.146957,0.828723,2.9
cbm_inc_subtlety-sphericity-margin-lobulation-spiculation-texture,cbm,continuous,42,237,0.399471,0.149036,0.822340,2.9
cbm_inc_subtlety-sphericity-margin-lobulation-spiculation-texture,cbm,continuous,42,238,0.390568,0.147967,0.822340,2.9
cbm_inc_subtlety-sphericity-margin-lobulation-spiculation-texture,cbm,continuous,42,239,0.405249,0.150433,0.827660,2.9
cbm_inc_subtlety-sphericity-margin-lobulation-spiculation-texture,cbm,continuous,42,240,0.370265,0.150478,0.844681,2.9
cbm_inc_subtlety-sphericity-margin-lobulation-spiculation-texture,cbm,continuous,42,241,0.404761,0.147171,0.820213,2.9
cbm_inc_subtlety-sphericity-margin-lobulation-spiculation-texture,cbm,continuous,42,242,0.395461,0.149972,0.829787,2.8
cbm_inc_subtlety-sphericity-margin-lobulation-spiculation-texture,cbm,continuous,42,243,0.391009,0.150931,0.829787,2.9
cbm_inc_subtlety-sphericity-margin-lobulation-spiculation-texture,cbm,continuous,42,244,0.405011,0.148657,0.819149,2.8
cbm_inc_subtlety-sphericity-margin-lobulation-spiculation-texture,cbm,continuous,42,245,0.395630,0.148904,0.839362,2.8
cbm_inc_subtlety-sphericity-margin-lobulation-spiculation-texture,cbm,continuous,42,246,0.404597,0.150681,0.831915,2.8
cbm_inc_subtlety-sphericity-margin-lobulation-spiculation-texture,cbm,continuous,42,247,0.385477,0.150071,0.832979,2.8
cbm_inc_subtlety-sphericity-margin-lobulation-spiculation-texture,cbm,continuous,42,248,0.377847,0.147387,0.848936,2.8
cbm_inc_subtlety-sphericity-margin-lobulation-spiculation-texture,cbm,continuous,42,249,0.355030,0.151095,0.854255,2.8
cbm_inc_subtlety-sphericity-margin-lobulation-spiculation-texture,cbm,continuous,42,250,0.394844,0.147903,0.839362,2.8
cbm_inc_subtlety-sphericity-margin-lobulation-spiculation-texture,cbm,continuous,43,1,0.689472,0.237086,0.562236,2.8
cbm_inc_subtlety-sphericity-margin-lobulation-spiculation-texture,cbm,continuous,43,2,0.681128,0.202693,0.586498,2.8
cbm_inc_subtlety-sphericity-margin-lobulation-spiculation-texture,cbm,continuous,43,3,0.675742,0.200472,0.599156,2.8
cbm_inc_subtlety-sphericity-margin-lobulation-spiculation-texture,cbm,continuous,43,4,0.683968,0.200377,0.546414,2.9
cbm_inc_subtlety-sphericity-margin-lobulation-spiculation-texture,cbm,continuous,43,5,0.671883,0.194852,0.560127,2.8
cbm_inc_subtlety-sphericity-margin-lobulation-spiculation-texture,cbm,continuous,43,6,0.653413,0.193860,0.628692,2.8
cbm_inc_subtlety-sphericity-margin-lobulation-spiculation-texture,cbm,continuous,43,7,0.657579,0.195342,0.580169,2.9
cbm_inc_subtlety-sphericity-margin-lobulation-spiculation-texture,cbm,continuous,43,8,0.688697,0.196097,0.537975,2.9
cbm_inc_subtlety-sphericity-margin-lobulation-spiculation-texture,cbm,continuous,43,9,0.651817,0.188946,0.597046,2.9
cbm_inc_subtlety-sphericity-margin-lobulation-spiculation-texture,cbm,continuous,43,10,0.653691,0.186585,0.582278,2.9
cbm_inc_subtlety-sphericity-margin-lobulation-spiculation-texture,cbm,continuous,43,11,0.650335,0.189567,0.565401,2.9
cbm_inc_subtlety-sphericity-margin-lobulation-spiculation-texture,cbm,continuous,43,12,0.660445,0.188302,0.571730,2.9
cbm_inc_subtlety-sphericity-margin-lobulation-spiculation-texture,cbm,continuous,43,13,0.643689,0.188718,0.577004,2.8
cbm_inc_subtlety-sphericity-margin-lobulation-spiculation-texture,cbm,continuous,43,14,0.630524,0.188827,0.624473,2.9
cbm_inc_subtlety-sphericity-margin-lobulation-spiculation-texture,cbm,continuous,43,15,0.644560,0.188674,0.599156,2.9
cbm_inc_subtlety-sphericity-margin-lobulation-spiculation-texture,cbm,continuous,43,16,0.625590,0.185922,0.625527,2.9
cbm_inc_subtlety-sphericity-margin-lobulation-spiculation-texture,cbm,continuous,43,17,0.669560,0.189068,0.563291,2.9
cbm_inc_subtlety-sphericity-margin-lobulation-spiculation-texture,cbm,continuous,43,18,0.624190,0.184218,0.608650,2.9
cbm_inc_subtlety-sphericity-margin-lobulation-spiculation-texture,cbm,continuous,43,19,0.637988,0.186128,0.593882,2.9
cbm_inc_subtlety-sphericity-margin-lobulation-spiculation-texture,cbm,continuous,43,20,0.654565,0.182904,0.583333,2.9
cbm_inc_subtlety-sphericity-margin-lobulation-spiculation-texture,cbm,continuous,43,21,0.642116,0.181474,0.590717,2.9
cbm_inc_subtlety-sphericity-margin-lobulation-spiculation-texture,cbm,continuous,43,22,0.656580,0.187207,0.590717,2.9
cbm_inc_subtlety-sphericity-margin-lobulation-spiculation-texture,cbm,continuous,43,23,0.652882,0.184041,0.569620,2.9
cbm_inc_subtlety-sphericity-margin-lobulation-spiculation-texture,cbm,continuous,43,24,0.621424,0.183858,0.608650,2.9
cbm_inc_subtlety-sphericity-margin-lobulation-spiculation-texture,cbm,continuous,43,25,0.598790,0.181764,0.644515,2.9
cbm_inc_subtlety-sphericity-margin-lobulation-spiculation-texture,cbm,continuous,43,26,0.619992,0.183085,0.617089,2.9
cbm_inc_subtlety-sphericity-margin-lobulation-spiculation-texture,cbm,continuous,43,27,0.626739,0.182033,0.606540,2.9
cbm_inc_subtlety-sphericity-margin-lobulation-spiculation-texture,cbm,continuous,43,28,0.632097,0.184455,0.601266,2.9
cbm_inc_subtlety-sphericity-margin-lobulation-spiculation-texture,cbm,continuous,43,29,0.616111,0.182521,0.624473,2.9
cbm_inc_subtlety-sphericity-margin-lobulation-spiculation-texture,cbm,continuous,43,30,0.629478,0.180939,0.594937,2.9
cbm_inc_subtlety-sphericity-margin-lobulation-spiculation-texture,cbm,continuous,43,31,0.615943,0.181704,0.635021,2.9
cbm_inc_subtlety-sphericity-margin-lobulation-spiculation-texture,cbm,continuous,43,32,0.647376,0.181762,0.579114,2.9
cbm_inc_subtlety-sphericity-margin-lobulation-spiculation-texture,cbm,continuous,43,33,0.630116,0.180065,0.609705,2.9
cbm_inc_subtlety-sphericity-margin-lobulation-spiculation-texture,cbm,continuous,43,34,0.668276,0.181442,0.568565,2.9
cbm_inc_subtlety-sphericity-margin-lobulation-spiculation-texture,cbm,continuous,43,35,0.636615,0.183054,0.604430,2.9
cbm_inc_subtlety-sphericity-margin-lobulation-spiculation-texture,cbm,continuous,43,36,0.619338,0.180133,0.601266,2.9
cbm_inc_subtlety-sphericity-margin-lobulation-spiculation-texture,cbm,continuous,43,37,0.596607,0.183471,0.647679,2.9
cbm_inc_subtlety-sphericity-margin-lobulation-spiculation-texture,cbm,continuous,43,38,0.600112,0.181019,0.636076,2.9
cbm_inc_subtlety-sphericity-margin-lobulation-spiculation-texture,cbm,continuous,43,39,0.623747,0.180812,0.603376,2.9
cbm_inc_subtlety-sphericity-margin-lobulation-spiculation-texture,cbm,continuous,43,40,0.626600,0.179456,0.624473,2.8
cbm_inc_subtlety-sphericity-margin-lobulation-spiculation-texture,cbm,continuous,43,41,0.639863,0.179367,0.581224,2.9
cbm_inc_subtlety-sphericity-margin-lobulation-spiculation-texture,cbm,continuous,43,42,0.603162,0.178600,0.640295,2.9
cbm_inc_subtlety-sphericity-margin-lobulation-spiculation-texture,cbm,continuous,43,43,0.628420,0.177690,0.620253,2.9
cbm_inc_subtlety-sphericity-margin-lobulation-spiculation-texture,cbm,continuous,43,44,0.631599,0.179091,0.607595,2.9
cbm_inc_subtlety-sphericity-margin-lobulation-spiculation-texture,cbm,continuous,43,45,0.613893,0.180803,0.640295,2.9
cbm_inc_subtlety-sphericity-margin-lobulation-spiculation-texture,cbm,continuous,43,46,0.619406,0.180569,0.609705,2.8
cbm_inc_subtlety-sphericity-margin-lobulation-spiculation-texture,cbm,continuous,43,47,0.620244,0.179480,0.639241,2.9
cbm_inc_subtlety-sphericity-margin-lobulation-spiculation-texture,cbm,continuous,43,48,0.640809,0.177054,0.598101,2.9
cbm_inc_subtlety-sphericity-margin-lobulation-spiculation-texture,cbm,continuous,43,49,0.619572,0.179436,0.628692,2.9
cbm_inc_subtlety-sphericity-margin-lobulation-spiculation-texture,cbm,continuous,43,50,0.617479,0.177625,0.625527,2.9
cbm_inc_subtlety-sphericity-margin-lobulation-spiculation-texture,cbm,continuous,43,51,0.616225,0.177219,0.644515,2.8
cbm_inc_subtlety-sphericity-margin-lobulation-spiculation-texture,cbm,continuous,43,52,0.619327,0.177741,0.637131,2.9
cbm_inc_subtlety-sphericity-margin-lobulation-spiculation-texture,cbm,continuous,43,53,0.629576,0.179985,0.621308,2.9
cbm_inc_subtlety-sphericity-margin-lobulation-spiculation-texture,cbm,continuous,43,54,0.627163,0.179118,0.614979,2.9
cbm_inc_subtlety-sphericity-margin-lobulation-spiculation-texture,cbm,continuous,43,55,0.651280,0.178493,0.607595,2.8
cbm_inc_subtlety-sphericity-margin-lobulation-spiculation-texture,cbm,continuous,43,56,0.631685,0.181640,0.640295,2.8
cbm_inc_subtlety-sphericity-margin-lobulation-spiculation-texture,cbm,continuous,43,57,0.618902,0.176503,0.632911,2.8
cbm_inc_subtlety-sphericity-margin-lobulation-spiculation-texture,cbm,continuous,43,58,0.631495,0.175156,0.631857,2.8
cbm_inc_subtlety-sphericity-margin-lobulation-spiculation-texture,cbm,continuous,43,59,0.608508,0.177034,0.647679,2.9
cbm_inc_subtlety-sphericity-margin-lobulation-spiculation-texture,cbm,continuous,43,60,0.617131,0.176158,0.646624,2.8
cbm_inc_subtlety-sphericity-margin-lobulation-spiculation-texture,cbm,continuous,43,61,0.594009,0.177502,0.647679,2.9
cbm_inc_subtlety-sphericity-margin-lobulation-spiculation-texture,cbm,continuous,43,62,0.599689,0.174023,0.657173,2.8
cbm_inc_subtlety-sphericity-margin-lobulation-spiculation-texture,cbm,continuous,43,63,0.607684,0.176027,0.665612,2.8
cbm_inc_subtlety-sphericity-margin-lobulation-spiculation-texture,cbm,continuous,43,64,0.604019,0.176013,0.648734,2.8
cbm_inc_subtlety-sphericity-margin-lobulation-spiculation-texture,cbm,continuous,43,65,0.619020,0.179657,0.661392,2.9
cbm_inc_subtlety-sphericity-margin-lobulation-spiculation-texture,cbm,continuous,43,66,0.607144,0.173785,0.666667,2.9
cbm_inc_subtlety-sphericity-margin-lobulation-spiculation-texture,cbm,continuous,43,67,0.632338,0.177943,0.631857,2.8
cbm_inc_subtlety-sphericity-margin-lobulation-spiculation-texture,cbm,continuous,43,68,0.589553,0.175740,0.682489,2.8
cbm_inc_subtlety-sphericity-margin-lobulation-spiculation-texture,cbm,continuous,43,69,0.603068,0.175790,0.652954,2.9
cbm_inc_subtlety-sphericity-margin-lobulation-spiculation-texture,cbm,continuous,43,70,0.553743,0.173735,0.700422,2.9
cbm_inc_subtlety-sphericity-margin-lobulation-spiculation-texture,cbm,continuous,43,71,0.593903,0.173321,0.696203,2.9
cbm_inc_subtlety-sphericity-margin-lobulation-spiculation-texture,cbm,continuous,43,72,0.584115,0.178059,0.659283,2.8
cbm_inc_subtlety-sphericity-margin-lobulation-spiculation-texture,cbm,continuous,43,73,0.562072,0.171652,0.706751,2.9
cbm_inc_subtlety-sphericity-margin-lobulation-spiculation-texture,cbm,continuous,43,74,0.600095,0.172684,0.664557,2.8
cbm_inc_subtlety-sphericity-margin-lobulation-spiculation-texture,cbm,continuous,43,75,0.585292,0.173636,0.674051,2.9
cbm_inc_subtlety-sphericity-margin-lobulation-spiculation-texture,cbm,continuous,43,76,0.583136,0.170927,0.696203,2.8
cbm_inc_subtlety-sphericity-margin-lobulation-spiculation-texture,cbm,continuous,43,77,0.597924,0.167809,0.681435,2.8
cbm_inc_subtlety-sphericity-margin-lobulation-spiculation-texture,cbm,continuous,43,78,0.575126,0.169685,0.689873,2.8
cbm_inc_subtlety-sphericity-margin-lobulation-spiculation-texture,cbm,continuous,43,79,0.562506,0.168677,0.702532,2.9
cbm_inc_subtlety-sphericity-margin-lobulation-spiculation-texture,cbm,continuous,43,80,0.589714,0.172130,0.675105,2.9
cbm_inc_subtlety-sphericity-margin-lobulation-spiculation-texture,cbm,continuous,43,81,0.574824,0.167626,0.703586,2.9
cbm_inc_subtlety-sphericity-margin-lobulation-spiculation-texture,cbm,continuous,43,82,0.556348,0.170557,0.707806,2.9
cbm_inc_subtlety-sphericity-margin-lobulation-spiculation-texture,cbm,continuous,43,83,0.533467,0.165895,0.754219,2.9
cbm_inc_subtlety-sphericity-margin-lobulation-spiculation-texture,cbm,continuous,43,84,0.561309,0.170465,0.714135,2.9
cbm_inc_subtlety-sphericity-margin-lobulation-spiculation-texture,cbm,continuous,43,85,0.551148,0.168696,0.710970,2.9
cbm_inc_subtlety-sphericity-margin-lobulation-spiculation-texture,cbm,continuous,43,86,0.533303,0.164867,0.734177,2.9
cbm_inc_subtlety-sphericity-margin-lobulation-spiculation-texture,cbm,continuous,43,87,0.541293,0.166380,0.735232,2.8
cbm_inc_subtlety-sphericity-margin-lobulation-spiculation-texture,cbm,continuous,43,88,0.553281,0.165459,0.720464,2.9
cbm_inc_subtlety-sphericity-margin-lobulation-spiculation-texture,cbm,continuous,43,89,0.533715,0.162880,0.740506,2.8
cbm_inc_subtlety-sphericity-margin-lobulation-spiculation-texture,cbm,continuous,43,90,0.551696,0.164639,0.720464,2.9
cbm_inc_subtlety-sphericity-margin-lobulation-spiculation-texture,cbm,continuous,43,91,0.550133,0.165608,0.713080,2.9
cbm_inc_subtlety-sphericity-margin-lobulation-spiculation-texture,cbm,continuous,43,92,0.513766,0.166079,0.754219,2.9
cbm_inc_subtlety-sphericity-margin-lobulation-spiculation-texture,cbm,continuous,43,93,0.537115,0.162355,0.742616,2.8
cbm_inc_subtlety-sphericity-margin-lobulation-spiculation-texture,cbm,continuous,43,94,0.533834,0.162334,0.726793,2.9
cbm_inc_subtlety-sphericity-margin-lobulation-spiculation-texture,cbm,continuous,43,95,0.494473,0.160797,0.777426,2.9
cbm_inc_subtlety-sphericity-margin-lobulation-spiculation-texture,cbm,continuous,43,96,0.528530,0.162330,0.747890,2.9
cbm_inc_subtlety-sphericity-margin-lobulation-spiculation-texture,cbm,continuous,43,97,0.530155,0.163457,0.731013,2.9
cbm_inc_subtlety-sphericity-margin-lobulation-spiculation-texture,cbm,continuous,43,98,0.483286,0.163223,0.784810,2.9
cbm_inc_subtlety-sphericity-margin-lobulation-spiculation-texture,cbm,continuous,43,99,0.534212,0.165250,0.729958,2.9
cbm_inc_subtlety-sphericity-margin-lobulation-spiculation-texture,cbm,continuous,43,100,0.473838,0.159728,0.772152,2.9
cbm_inc_subtlety-sphericity-margin-lobulation-spiculation-texture,cbm,continuous,43,101,0.513013,0.159915,0.764768,2.9
cbm_inc_subtlety-sphericity-margin-lobulation-spiculation-texture,cbm,continuous,43,102,0.479347,0.159906,0.753165,2.9
cbm_inc_subtlety-sphericity-margin-lobulation-spiculation-texture,cbm,continuous,43,103,0.475737,0.163171,0.774262,2.9
cbm_inc_subtlety-sphericity-margin-lobulation-spiculation-texture,cbm,continuous,43,104,0.478340,0.159957,0.784810,2.9
cbm_inc_subtlety-sphericity-margin-lobulation-spiculation-texture,cbm,continuous,43,105,0.473405,0.160562,0.780591,2.9
cbm_inc_subtlety-sphericity-margin-lobulation-spiculation-texture,cbm,continuous,43,106,0.490830,0.159753,0.773207,2.9
cbm_inc_subtlety-sphericity-margin-lobulation-spiculation-texture,cbm,continuous,43,107,0.470446,0.157918,0.776371,2.9
cbm_inc_subtlety-sphericity-margin-lobulation-spiculation-texture,cbm,continuous,43,108,0.486231,0.159611,0.773207,2.9
cbm_inc_subtlety-sphericity-margin-lobulation-spiculation-texture,cbm,continuous,43,109,0.484409,0.158009,0.781646,2.9
cbm_inc_subtlety-sphericity-margin-lobulation-spiculation-texture,cbm,continuous,43,110,0.483721,0.158816,0.779536,2.9
cbm_inc_subtlety-sphericity-margin-lobulation-spiculation-texture,cbm,continuous,43,111,0.460267,0.156262,0.787975,2.9
cbm_inc_subtlety-sphericity-margin-lobulation-spiculation-texture,cbm,continuous,43,112,0.469050,0.159648,0.784810,2.9
cbm_inc_subtlety-sphericity-margin-lobulation-spiculation-texture,cbm,continuous,43,113,0.489993,0.159087,0.781646,2.9
cbm_inc_subtlety-sphericity-margin-lobulation-spiculation-texture,cbm,continuous,43,114,0.474148,0.158830,0.775316,2.9
cbm_inc_subtlety-sphericity-margin-lobulation-spiculation-texture,cbm,continuous,43,115,0.448696,0.159665,0.792194,2.8
cbm_inc_subtlety-sphericity-margin-lobulation-spiculation-texture,cbm,continuous,43,116,0.484013,0.158172,0.774262,2.8
cbm_inc_subtlety-sphericity-margin-lobulation-spiculation-texture,cbm,continuous,43,117,0.453810,0.155516,0.796414,2.9
cbm_inc_subtlety-sphericity-margin-lobulation-spiculation-texture,cbm,continuous,43,118,0.466288,0.155719,0.780591,2.8
cbm_inc_subtlety-sphericity-margin-lobulation-spiculation-texture,cbm,continuous,43,119,0.482108,0.159407,0.780591,2.9
cbm_inc_subtlety-sphericity-margin-lobulation-spiculation-texture,cbm,continuous,43,120,0.459662,0.157963,0.786920,2.9
cbm_inc_subtlety-sphericity-margin-lobulation-spiculation-texture,cbm,continuous,43,121,0.480674,0.159942,0.773207,2.9
cbm_inc_subtlety-sphericity-margin-lobulation-spiculation-texture,cbm,continuous,43,122,0.485155,0.159134,0.779536,2.8
cbm_inc_subtlety-sphericity-margin-lobulation-spiculation-texture,cbm,continuous,43,123,0.446754,0.157809,0.794304,2.9
cbm_inc_subtlety-sphericity-margin-lobulation-spiculation-texture,cbm,continuous,43,124,0.468997,0.157312,0.778481,2.8
cbm_inc_subtlety-sphericity-margin-lobulation-spiculation-texture,cbm,continuous,43,125,0.478509,0.157752,0.777426,2.8
cbm_inc_subtlety-sphericity-margin-lobulation-spiculation-texture,cbm,continuous,43,126,0.446530,0.157048,0.794304,2.8
cbm_inc_subtlety-sphericity-margin-lobulation-spiculation-texture,cbm,continuous,43,127,0.471658,0.156301,0.774262,2.9
cbm_inc_subtlety-sphericity-margin-lobulation-spiculation-texture,cbm,continuous,43,128,0.465693,0.159469,0.780591,2.9
cbm_inc_subtlety-sphericity-margin-lobulation-spiculation-texture,cbm,continuous,43,129,0.438743,0.154726,0.797468,2.8
cbm_inc_subtlety-sphericity-margin-lobulation-spiculation-texture,cbm,continuous,43,130,0.458201,0.155486,0.789030,2.8
cbm_inc_subtlety-sphericity-margin-lobulation-spiculation-texture,cbm,continuous,43,131,0.471705,0.157599,0.790084,2.9
cbm_inc_subtlety-sphericity-margin-lobulation-spiculation-texture,cbm,continuous,43,132,0.426395,0.156435,0.817511,2.9
cbm_inc_subtlety-sphericity-margin-lobulation-spiculation-texture,cbm,continuous,43,133,0.428455,0.156662,0.813291,2.9
cbm_inc_subtlety-sphericity-margin-lobulation-spiculation-texture,cbm,continuous,43,134,0.453274,0.157583,0.794304,2.9
cbm_inc_subtlety-sphericity-margin-lobulation-spiculation-texture,cbm,continuous,43,135,0.476488,0.156557,0.770042,2.9
cbm_inc_subtlety-sphericity-margin-lobulation-spiculation-texture,cbm,continuous,43,136,0.445387,0.155354,0.781646,2.9
cbm_inc_subtlety-sphericity-margin-lobulation-spiculation-texture,cbm,continuous,43,137,0.446998,0.156639,0.799578,2.9
cbm_inc_subtlety-sphericity-margin-lobulation-spiculation-texture,cbm,continuous,43,138,0.462580,0.154753,0.786920,2.9
cbm_inc_subtlety-sphericity-margin-lobulation-spiculation-texture,cbm,continuous,43,139,0.422228,0.156984,0.812236,2.8
cbm_inc_subtlety-sphericity-margin-lobulation-spiculation-texture,cbm,continuous,43,140,0.458538,0.158047,0.792194,2.9
cbm_inc_subtlety-sphericity-margin-lobulation-spiculation-texture,cbm,continuous,43,141,0.432314,0.154315,0.819620,2.9
cbm_inc_subtlety-sphericity-margin-lobulation-spiculation-texture,cbm,continuous,43,142,0.443164,0.156948,0.795359,2.9
cbm_inc_subtlety-sphericity-margin-lobulation-spiculation-texture,cbm,continuous,43,143,0.430034,0.157299,0.817511,2.9
cbm_inc_subtlety-sphericity-margin-lobulation-spiculation-texture,cbm,continuous,43,144,0.421203,0.154570,0.822785,2.8
cbm_inc_subtlety-sphericity-margin-lobulation-spiculation-texture,cbm,continuous,43,145,0.436333,0.154744,0.800633,2.9
cbm_inc_subtlety-sphericity-margin-lobulation-spiculation-texture,cbm,continuous,43,146,0.432437,0.154679,0.801688,2.9
cbm_inc_subtlety-sphericity-margin-lobulation-spiculation-texture,cbm,continuous,43,147,0.464347,0.156758,0.785865,2.9
cbm_inc_subtlety-sphericity-margin-lobulation-spiculation-texture,cbm,continuous,43,148,0.432056,0.157705,0.810127,2.9
cbm_inc_subtlety-sphericity-margin-lobulation-spiculation-texture,cbm,continuous,43,149,0.431430,0.156225,0.809072,2.9
cbm_inc_subtlety-sphericity-margin-lobulation-spiculation-texture,cbm,continuous,43,150,0.428086,0.156267,0.810127,2.9
cbm_inc_subtlety-sphericity-margin-lobulation-spiculation-texture,cbm,continuous,43,151,0.443917,0.154289,0.810127,2.9
cbm_inc_subtlety-sphericity-margin-lobulation-spiculation-texture,cbm,continuous,43,152,0.443256,0.155125,0.803797,2.9
cbm_inc_subtlety-sphericity-margin-lobulation-spiculation-texture,cbm,continuous,43,153,0.438518,0.154651,0.814346,2.9
cbm_inc_subtlety-sphericity-margin-lobulation-spiculation-texture,cbm,continuous,43,154,0.430283,0.153051,0.810127,2.9
cbm_inc_subtlety-sphericity-margin-lobulation-spiculation-texture,cbm,continuous,43,155,0.425802,0.155134,0.816456,2.8
cbm_inc_subtlety-sphericity-margin-lobulation-spiculation-texture,cbm,continuous,43,156,0.442400,0.157166,0.808017,2.9
cbm_inc_subtlety-sphericity-margin-lobulation-spiculation-texture,cbm,continuous,43,157,0.431327,0.155417,0.813291,2.8
cbm_inc_subtlety-sphericity-margin-lobulation-spiculation-texture,cbm,continuous,43,158,0.432350,0.155080,0.817511,2.9
cbm_inc_subtlety-sphericity-margin-lobulation-spiculation-texture,cbm,continuous,43,159,0.430852,0.155639,0.799578,2.9
cbm_inc_subtlety-sphericity-margin-lobulation-spiculation-texture,cbm,continuous,43,160,0.449717,0.157155,0.791139,2.9
cbm_inc_subtlety-sphericity-margin-lobulation-spiculation-texture,cbm,continuous,43,161,0.425158,0.156790,0.800633,2.8
cbm_inc_subtlety-sphericity-margin-lobulation-spiculation-texture,cbm,continuous,43,162,0.404837,0.155019,0.839662,2.9
cbm_inc_subtlety-sphericity-margin-lobulation-spiculation-texture,cbm,continuous,43,163,0.419419,0.156749,0.824895,2.9
cbm_inc_subtlety-sphericity-margin-lobulation-spiculation-texture,cbm,continuous,43,164,0.420360,0.152143,0.818565,2.8
cbm_inc_subtlety-sphericity-margin-lobulation-spiculation-texture,cbm,continuous,43,165,0.400316,0.155394,0.817511,2.9
cbm_inc_subtlety-sphericity-margin-lobulation-spiculation-texture,cbm,continuous,43,166,0.431659,0.154696,0.817511,2.9
cbm_inc_subtlety-sphericity-margin-lobulation-spiculation-texture,cbm,continuous,43,167,0.413763,0.154055,0.820675,2.9
cbm_inc_subtlety-sphericity-margin-lobulation-spiculation-texture,cbm,continuous,43,168,0.433431,0.155143,0.818565,2.9
cbm_inc_subtlety-sphericity-margin-lobulation-spiculation-texture,cbm,continuous,43,169,0.422698,0.152972,0.814346,2.9
cbm_inc_subtlety-sphericity-margin-lobulation-spiculation-texture,cbm,continuous,43,170,0.410591,0.153680,0.821730,2.9
cbm_inc_subtlety-sphericity-margin-lobulation-spiculation-texture,cbm,continuous,43,171,0.409448,0.155162,0.815401,2.8
cbm_inc_subtlety-sphericity-margin-lobulation-spiculation-texture,cbm,continuous,43,172,0.444523,0.156694,0.796414,2.9
cbm_inc_subtlety-sphericity-margin-lobulation-spiculation-texture,cbm,continuous,43,173,0.418365,0.153963,0.825949,2.9
cbm_inc_subtlety-sphericity-margin-lobulation-spiculation-texture,cbm,continuous,43,174,0.416667,0.154988,0.827004,2.9
cbm_inc_subtlety-sphericity-margin-lobulation-spiculation-texture,cbm,continuous,43,175,0.408570,0.155503,0.837553,2.9
cbm_inc_subtlety-sphericity-margin-lobulation-spiculation-texture,cbm,continuous,43,176,0.438073,0.153753,0.798523,2.9
cbm_inc_subtlety-sphericity-margin-lobulation-spiculation-texture,cbm,continuous,43,177,0.423123,0.153277,0.819620,2.9
cbm_inc_subtlety-sphericity-margin-lobulation-spiculation-texture,cbm,continuous,43,178,0.433851,0.154218,0.809072,2.9
cbm_inc_subtlety-sphericity-margin-lobulation-spiculation-texture,cbm,continuous,43,179,0.414173,0.152431,0.822785,2.9
cbm_inc_subtlety-sphericity-margin-lobulation-spiculation-texture,cbm,continuous,43,180,0.388375,0.155141,0.838608,2.9
cbm_inc_subtlety-sphericity-margin-lobulation-spiculation-texture,cbm,continuous,43,181,0.395525,0.154367,0.824895,2.9
cbm_inc_subtlety-sphericity-margin-lobulation-spiculation-texture,cbm,continuous,43,182,0.416243,0.154109,0.829114,2.9
cbm_inc_subtlety-sphericity-margin-lobulation-spiculation-texture,cbm,continuous,43,183,0.441379,0.154411,0.812236,2.9
cbm_inc_subtlety-sphericity-margin-lobulation-spiculation-texture,cbm,continuous,43,184,0.405985,0.152423,0.831224,2.9
cbm_inc_subtlety-sphericity-margin-lobulation-spiculation-texture,cbm,continuous,43,185,0.418754,0.152221,0.823840,2.9
cbm_inc_subtlety-sphericity-margin-lobulation-spiculation-texture,cbm,continuous,43,186,0.420000,0.153023,0.811181,2.9
cbm_inc_subtlety-sphericity-margin-lobulation-spiculation-texture,cbm,continuous,43,187,0.424975,0.152384,0.819620,2.9
cbm_inc_subtlety-sphericity-margin-lobulation-spiculation-texture,cbm,continuous,43,188,0.390582,0.152738,0.836498,2.9
cbm_inc_subtlety-sphericity-margin-lobulation-spiculation-texture,cbm,continuous,43,189,0.421909,0.158002,0.808017,2.9
cbm_inc_subtlety-sphericity-margin-lobulation-spiculation-texture,cbm,continuous,43,190,0.410451,0.153127,0.817511,2.9
cbm_inc_subtlety-sphericity-margin-lobulation-spiculation-texture,cbm,continuous,43,191,0.407991,0.154024,0.824895,2.8
cbm_inc_subtlety-sphericity-margin-lobulation-spiculation-texture,cbm,continuous,43,192,0.397680,0.154494,0.840717,2.9
cbm_inc_subtlety-sphericity-margin-lobulation-spiculation-texture,cbm,continuous,43,193,0.388845,0.154466,0.844937,2.9
cbm_inc_subtlety-sphericity-margin-lobulation-spiculation-texture,cbm,continuous,43,194,0.424375,0.151951,0.815401,2.9
cbm_inc_subtlety-sphericity-margin-lobulation-spiculation-texture,cbm,continuous,43,195,0.423565,0.154653,0.818565,2.9
cbm_inc_subtlety-sphericity-margin-lobulation-spiculation-texture,cbm,continuous,43,196,0.419556,0.153013,0.814346,2.9
cbm_inc_subtlety-sphericity-margin-lobulation-spiculation-texture,cbm,continuous,43,197,0.394245,0.152244,0.820675,2.8
cbm_inc_subtlety-sphericity-margin-lobulation-spiculation-texture,cbm,continuous,43,198,0.409939,0.154887,0.823840,2.9
cbm_inc_subtlety-sphericity-margin-lobulation-spiculation-texture,cbm,continuous,43,199,0.419240,0.154549,0.812236,2.9
cbm_inc_subtlety-sphericity-margin-lobulation-spiculation-texture,cbm,continuous,43,200,0.375055,0.152836,0.849156,2.8
cbm_inc_subtlety-sphericity-margin-lobulation-spiculation-texture,cbm,continuous,43,201,0.387244,0.155282,0.839662,2.8
cbm_inc_subtlety-sphericity-margin-lobulation-spiculation-texture,cbm,continuous,43,202,0.394564,0.154066,0.835443,2.9
cbm_inc_subtlety-sphericity-margin-lobulation-spiculation-texture,cbm,continuous,43,203,0.427158,0.152196,0.821730,2.9
cbm_inc_subtlety-sphericity-margin-lobulation-spiculation-texture,cbm,continuous,43,204,0.405387,0.149849,0.844937,2.9
cbm_inc_subtlety-sphericity-margin-lobulation-spiculation-texture,cbm,continuous,43,205,0.385320,0.152890,0.843882,2.9
cbm_inc_subtlety-sphericity-margin-lobulation-spiculation-texture,cbm,continuous,43,206,0.402493,0.151530,0.825949,2.8
cbm_inc_subtlety-sphericity-margin-lobulation-spiculation-texture,cbm,continuous,43,207,0.408213,0.150950,0.827004,2.9
cbm_inc_subtlety-sphericity-margin-lobulation-spiculation-texture,cbm,continuous,43,208,0.411042,0.151802,0.820675,2.8
cbm_inc_subtlety-sphericity-margin-lobulation-spiculation-texture,cbm,continuous,43,209,0.401350,0.152598,0.832278,2.9
cbm_inc_subtlety-sphericity-margin-lobulation-spiculation-texture,cbm,continuous,43,210,0.424936,0.150300,0.822785,2.9
cbm_inc_subtlety-sphericity-margin-lobulation-spiculation-texture,cbm,continuous,43,211,0.386935,0.150722,0.839662,2.9
cbm_inc_subtlety-sphericity-margin-lobulation-spiculation-texture,cbm,continuous,43,212,0.397025,0.151018,0.827004,2.9
cbm_inc_subtlety-sphericity-margin-lobulation-spiculation-texture,cbm,continuous,43,213,0.391171,0.151251,0.835443,2.9
cbm_inc_subtlety-sphericity-margin-lobulation-spiculation-texture,cbm,continuous,43,214,0.396070,0.152457,0.834388,2.9
cbm_inc_subtlety-sphericity-margin-lobulation-spiculation-texture,cbm,continuous,43,215,0.405546,0.150350,0.830169,2.9
cbm_inc_subtlety-sphericity-margin-lobulation-spiculation-texture,cbm,continuous,43,216,0.387390,0.150058,0.830169,2.8
cbm_inc_subtlety-sphericity-margin-lobulation-spiculation-texture,cbm,continuous,43,217,0.401174,0.151733,0.820675,2.9
cbm_inc_subtlety-sphericity-margin-lobulation-spiculation-texture,cbm,continuous,43,218,0.398899,0.151862,0.828059,2.9
cbm_inc_subtlety-sphericity-margin-lobulation-spiculation-texture,cbm,continuous,43,219,0.420729,0.153490,0.799578,2.8
cbm_inc_subtlety-sphericity-margin-lobulation-spiculation-texture,cbm,continuous,43,220,0.397704,0.151525,0.820675,2.8
cbm_inc_subtlety-sphericity-margin-lobulation-spiculation-texture,cbm,continuous,43,221,0.405455,0.151676,0.818565,2.9
cbm_inc_subtlety-sphericity-margin-lobulation-spiculation-texture,cbm,continuous,43,222,0.389518,0.148580,0.833333,2.8
cbm_inc_subtlety-sphericity-margin-lobulation-spiculation-texture,cbm,continuous,43,223,0.390616,0.150820,0.825949,2.9
cbm_inc_subtlety-sphericity-margin-lobulation-spiculation-texture,cbm,continuous,43,224,0.404050,0.153022,0.829114,2.9
cbm_inc_subtlety-sphericity-margin-lobulation-spiculation-texture,cbm,continuous,43,225,0.399713,0.149072,0.828059,2.9
cbm_inc_subtlety-sphericity-margin-lobulation-spiculation-texture,cbm,continuous,43,226,0.409026,0.150382,0.827004,2.8
cbm_inc_subtlety-sphericity-margin-lobulation-spiculation-texture,cbm,continuous,43,227,0.391365,0.147953,0.818565,2.9
cbm_inc_subtlety-sphericity-margin-lobulation-spiculation-texture,cbm,continuous,43,228,0.387156,0.150353,0.829114,2.9
cbm_inc_subtlety-sphericity-margin-lobulation-spiculation-texture,cbm,continuous,43,229,0.380681,0.147688,0.836498,2.9
cbm_inc_subtlety-sphericity-margin-lobulation-spiculation-texture,cbm,continuous,43,230,0.405428,0.147210,0.814346,2.9
cbm_inc_subtlety-sphericity-margin-lobulation-spiculation-texture,cbm,continuous,43,231,0.393993,0.151416,0.817511,2.9
cbm_inc_subtlety-sphericity-margin-lobulation-spiculation-texture,cbm,continuous,43,232,0.399302,0.149159,0.831224,2.8
cbm_inc_subtlety-sphericity-margin-lobulation-spiculation-texture,cbm,continuous,43,233,0.405154,0.150250,0.822785,2.8
cbm_inc_subtlety-sphericity-margin-lobulation-spiculation-texture,cbm,continuous,43,234,0.405965,0.151834,0.817511,2.9
cbm_inc_subtlety-sphericity-margin-lobulation-spiculation-texture,cbm,continuous,43,235,0.404177,0.148991,0.834388,2.9
cbm_inc_subtlety-sphericity-margin-lobulation-spiculation-texture,cbm,continuous,43,236,0.375366,0.151164,0.840717,2.8
cbm_inc_subtlety-sphericity-margin-lobulation-spiculation-texture,cbm,continuous,43,237,0.371640,0.152019,0.843882,2.9
cbm_inc_subtlety-sphericity-margin-lobulation-spiculation-texture,cbm,continuous,43,238,0.409434,0.151030,0.817511,2.8
cbm_inc_subtlety-sphericity-margin-lobulation-spiculation-texture,cbm,continuous,43,239,0.395258,0.151869,0.824895,2.9
cbm_inc_subtlety-sphericity-margin-lobulation-spiculation-texture,cbm,continuous,43,240,0.387604,0.150553,0.828059,2.9
cbm_inc_subtlety-sphericity-margin-lobulation-spiculation-texture,cbm,continuous,43,241,0.375109,0.148682,0.849156,2.9
cbm_inc_subtlety-sphericity-margin-lobulation-spiculation-texture,cbm,continuous,43,242,0.393712,0.150563,0.818565,2.9
cbm_inc_subtlety-sphericity-margin-lobulation-spiculation-texture,cbm,continuous,43,243,0.395300,0.149146,0.809072,2.9
cbm_inc_subtlety-sphericity-margin-lobulation-spiculation-texture,cbm,continuous,43,244,0.387774,0.150244,0.834388,2.9
cbm_inc_subtlety-sphericity-margin-lobulation-spiculation-texture,cbm,continuous,43,245,0.415466,0.148906,0.817511,2.9
cbm_inc_subtlety-sphericity-margin-lobulation-spiculation-texture,cbm,continuous,43,246,0.391592,0.147502,0.824895,2.9
cbm_inc_subtlety-sphericity-margin-lobulation-spiculation-texture,cbm,continuous,43,247,0.386303,0.147304,0.839662,2.9
cbm_inc_subtlety-sphericity-margin-lobulation-spiculation-texture,cbm,continuous,43,248,0.397013,0.147485,0.840717,2.9
cbm_inc_subtlety-sphericity-margin-lobulation-spiculation-texture,cbm,continuous,43,249,0.386614,0.146943,0.835443,2.9
cbm_inc_subtlety-sphericity-margin-lobulation-spiculation-texture,cbm,continuous,43,250,0.394834,0.149091,0.827004,2.9
